match_id,player,row,snv_pts,pts_won,aces,unret,return_forced,net_winner,induced_forced,net_unforced,passed_at_net,passing_shot_induced_forced,total_shots
20110614-W-Wimbledon-R64-Venus_Williams-Kimiko_Date_Krumm,2,SnV,8,2,0,0,1,1,0,4,1,0,22
20110614-W-Wimbledon-R64-Venus_Williams-Kimiko_Date_Krumm,2,SnV1st,7,2,0,0,1,1,0,4,1,0,16
20110614-W-Wimbledon-R64-Venus_Williams-Kimiko_Date_Krumm,2,SnV2nd,1,0,0,0,0,0,0,0,0,0,6
20110614-W-Wimbledon-R64-Venus_Williams-Kimiko_Date_Krumm,2,nonSnV,131,75,1,2,13,9,4,1,1,0,565
20110614-W-Wimbledon-R64-Venus_Williams-Kimiko_Date_Krumm,2,nonSnV1st,101,54,1,2,9,8,2,1,1,0,418
20110614-W-Wimbledon-R64-Venus_Williams-Kimiko_Date_Krumm,2,nonSnV2nd,30,21,0,0,4,1,2,0,0,0,147
20140123-W-Australian_Open-SF-Eugenie_Bouchard-Na_Li,2,SnV,1,0,0,0,0,0,0,0,0,1,4
20140123-W-Australian_Open-SF-Eugenie_Bouchard-Na_Li,2,SnV1st,1,0,0,0,0,0,0,0,0,1,4
20140123-W-Australian_Open-SF-Eugenie_Bouchard-Na_Li,2,nonSnV,63,38,4,0,7,5,2,1,3,0,244
20140123-W-Australian_Open-SF-Eugenie_Bouchard-Na_Li,2,nonSnV1st,41,27,4,0,6,4,1,1,1,0,153
20140123-W-Australian_Open-SF-Eugenie_Bouchard-Na_Li,2,nonSnV2nd,22,11,0,0,1,1,1,0,2,0,91
20140117-W-Australian_Open-R32-Serena_Williams-Daniela_Hantuchova,1,SnV,1,0,0,0,0,0,0,1,0,0,2
20140117-W-Australian_Open-R32-Serena_Williams-Daniela_Hantuchova,1,SnV1st,1,0,0,0,0,0,0,1,0,0,2
20140117-W-Australian_Open-R32-Serena_Williams-Daniela_Hantuchova,1,nonSnV,53,35,10,2,5,2,0,1,0,1,141
20140117-W-Australian_Open-R32-Serena_Williams-Daniela_Hantuchova,1,nonSnV1st,26,20,8,2,4,2,0,1,0,0,56
20140117-W-Australian_Open-R32-Serena_Williams-Daniela_Hantuchova,1,nonSnV2nd,27,15,2,0,1,0,0,0,0,1,85
20140113-W-Australian_Open-R128-Venus_Williams-Ekaterina_Makarova,2,SnV,1,0,0,0,0,0,0,0,0,0,4
20140113-W-Australian_Open-R128-Venus_Williams-Ekaterina_Makarova,2,SnV1st,1,0,0,0,0,0,0,0,0,0,4
20140113-W-Australian_Open-R128-Venus_Williams-Ekaterina_Makarova,2,nonSnV,105,60,1,1,9,5,0,1,5,1,460
20140113-W-Australian_Open-R128-Venus_Williams-Ekaterina_Makarova,2,nonSnV1st,69,43,1,1,7,4,0,1,2,0,321
20140113-W-Australian_Open-R128-Venus_Williams-Ekaterina_Makarova,2,nonSnV2nd,36,17,0,0,2,1,0,0,3,1,139
20140115-W-Australian_Open-R64-Alison_Riske-Yanina_Wickmayer,1,SnV,1,0,0,0,0,0,0,0,0,0,2
20140115-W-Australian_Open-R64-Alison_Riske-Yanina_Wickmayer,1,SnV1st,1,0,0,0,0,0,0,0,0,0,2
20140115-W-Australian_Open-R64-Alison_Riske-Yanina_Wickmayer,1,nonSnV,47,33,4,0,10,0,0,0,0,0,167
20140115-W-Australian_Open-R64-Alison_Riske-Yanina_Wickmayer,1,nonSnV1st,38,27,4,0,9,0,0,0,0,0,131
20140115-W-Australian_Open-R64-Alison_Riske-Yanina_Wickmayer,1,nonSnV2nd,9,6,0,0,1,0,0,0,0,0,36
20140115-W-Australian_Open-R64-Alison_Riske-Yanina_Wickmayer,2,SnV,1,1,0,1,0,0,0,0,0,0,1
20140115-W-Australian_Open-R64-Alison_Riske-Yanina_Wickmayer,2,SnV1st,1,1,0,1,0,0,0,0,0,0,1
20140115-W-Australian_Open-R64-Alison_Riske-Yanina_Wickmayer,2,nonSnV,42,18,3,0,6,2,0,1,1,0,126
20140115-W-Australian_Open-R64-Alison_Riske-Yanina_Wickmayer,2,nonSnV1st,28,12,3,0,4,2,0,1,1,0,80
20140115-W-Australian_Open-R64-Alison_Riske-Yanina_Wickmayer,2,nonSnV2nd,14,6,0,0,2,0,0,0,0,0,46
20130622-W-s_Hertogenbosch-F-Kirsten_Flipkens-Simona_Halep,1,SnV,4,1,0,0,1,0,0,0,1,0,9
20130622-W-s_Hertogenbosch-F-Kirsten_Flipkens-Simona_Halep,1,SnV1st,4,1,0,0,1,0,0,0,1,0,9
20130622-W-s_Hertogenbosch-F-Kirsten_Flipkens-Simona_Halep,1,nonSnV,48,23,0,0,4,3,1,3,3,0,237
20130622-W-s_Hertogenbosch-F-Kirsten_Flipkens-Simona_Halep,1,nonSnV1st,28,14,0,0,3,2,1,3,2,0,142
20130622-W-s_Hertogenbosch-F-Kirsten_Flipkens-Simona_Halep,1,nonSnV2nd,20,9,0,0,1,1,0,0,1,0,95
20130714-W-Palermo-F-Roberta_Vinci-Sara_Errani,1,SnV,1,1,1,0,0,0,0,0,0,0,1
20130714-W-Palermo-F-Roberta_Vinci-Sara_Errani,1,SnV1st,1,1,1,0,0,0,0,0,0,0,1
20130714-W-Palermo-F-Roberta_Vinci-Sara_Errani,1,nonSnV,105,57,6,1,6,12,5,2,7,3,481
20130714-W-Palermo-F-Roberta_Vinci-Sara_Errani,1,nonSnV1st,64,36,5,0,6,10,3,1,4,1,302
20130714-W-Palermo-F-Roberta_Vinci-Sara_Errani,1,nonSnV2nd,41,21,1,1,0,2,2,1,3,2,179
20140530-W-Roland_Garros-R32-Taylor_Townsend-Carla_Suarez_Navarro,1,SnV,3,0,0,0,0,0,0,3,0,0,6
20140530-W-Roland_Garros-R32-Taylor_Townsend-Carla_Suarez_Navarro,1,SnV1st,2,0,0,0,0,0,0,2,0,0,4
20140530-W-Roland_Garros-R32-Taylor_Townsend-Carla_Suarez_Navarro,1,SnV2nd,1,0,0,0,0,0,0,1,0,0,2
20140530-W-Roland_Garros-R32-Taylor_Townsend-Carla_Suarez_Navarro,1,nonSnV,37,18,2,0,5,5,0,2,2,0,160
20140530-W-Roland_Garros-R32-Taylor_Townsend-Carla_Suarez_Navarro,1,nonSnV1st,29,15,1,0,5,4,0,2,2,0,123
20140530-W-Roland_Garros-R32-Taylor_Townsend-Carla_Suarez_Navarro,1,nonSnV2nd,8,3,1,0,0,1,0,0,0,0,37
20140527-W-Roland_Garros-R128-Na_Li-Kristina_Mladenovic,1,SnV,1,0,0,0,0,0,0,0,0,0,2
20140527-W-Roland_Garros-R128-Na_Li-Kristina_Mladenovic,1,SnV1st,1,0,0,0,0,0,0,0,0,0,2
20140527-W-Roland_Garros-R128-Na_Li-Kristina_Mladenovic,1,nonSnV,77,48,3,0,13,2,2,2,0,0,252
20140527-W-Roland_Garros-R128-Na_Li-Kristina_Mladenovic,1,nonSnV1st,53,35,3,0,12,1,2,2,0,0,175
20140527-W-Roland_Garros-R128-Na_Li-Kristina_Mladenovic,1,nonSnV2nd,24,13,0,0,1,1,0,0,0,0,77
20140527-W-Roland_Garros-R128-Na_Li-Kristina_Mladenovic,2,SnV,1,0,0,0,0,0,0,0,1,0,4
20140527-W-Roland_Garros-R128-Na_Li-Kristina_Mladenovic,2,SnV1st,1,0,0,0,0,0,0,0,1,0,4
20140527-W-Roland_Garros-R128-Na_Li-Kristina_Mladenovic,2,nonSnV,77,53,3,2,13,5,1,0,1,0,265
20140527-W-Roland_Garros-R128-Na_Li-Kristina_Mladenovic,2,nonSnV1st,42,32,3,2,9,3,1,0,0,0,136
20140527-W-Roland_Garros-R128-Na_Li-Kristina_Mladenovic,2,nonSnV2nd,35,21,0,0,4,2,0,0,1,0,129
20140106-W-Sydney-R32-Eugenie_Bouchard-Bethanie_Mattek_Sands,2,SnV,1,1,0,0,1,0,0,0,0,0,1
20140106-W-Sydney-R32-Eugenie_Bouchard-Bethanie_Mattek_Sands,2,SnV1st,1,1,0,0,1,0,0,0,0,0,1
20140106-W-Sydney-R32-Eugenie_Bouchard-Bethanie_Mattek_Sands,2,nonSnV,55,32,0,0,7,5,2,0,1,0,220
20140106-W-Sydney-R32-Eugenie_Bouchard-Bethanie_Mattek_Sands,2,nonSnV1st,34,23,0,0,5,4,1,0,0,0,133
20140106-W-Sydney-R32-Eugenie_Bouchard-Bethanie_Mattek_Sands,2,nonSnV2nd,21,9,0,0,2,1,1,0,1,0,87
20140711-W-Bucharest-QF-Lara_Arruabarrena-Simona_Halep,2,SnV,1,1,0,0,1,0,0,0,0,0,1
20140711-W-Bucharest-QF-Lara_Arruabarrena-Simona_Halep,2,SnV1st,1,1,0,0,1,0,0,0,0,0,1
20140711-W-Bucharest-QF-Lara_Arruabarrena-Simona_Halep,2,nonSnV,42,29,1,0,2,1,1,0,1,0,223
20140711-W-Bucharest-QF-Lara_Arruabarrena-Simona_Halep,2,nonSnV1st,30,23,1,0,2,1,1,0,1,0,181
20140711-W-Bucharest-QF-Lara_Arruabarrena-Simona_Halep,2,nonSnV2nd,12,6,0,0,0,0,0,0,0,0,42
20140713-W-Bucharest-F-Roberta_Vinci-Simona_Halep,1,SnV,1,1,0,0,0,0,1,0,0,0,3
20140713-W-Bucharest-F-Roberta_Vinci-Simona_Halep,1,SnV1st,1,1,0,0,0,0,1,0,0,0,3
20140713-W-Bucharest-F-Roberta_Vinci-Simona_Halep,1,nonSnV,61,28,1,0,7,7,2,1,2,2,282
20140713-W-Bucharest-F-Roberta_Vinci-Simona_Halep,1,nonSnV1st,33,20,1,0,7,6,0,0,0,1,108
20140713-W-Bucharest-F-Roberta_Vinci-Simona_Halep,1,nonSnV2nd,28,8,0,0,0,1,2,1,2,1,174
20140624-W-Wimbledon-R128-Teliana_Pereira-Simona_Halep,1,SnV,1,0,0,0,0,0,0,0,1,0,4
20140624-W-Wimbledon-R128-Teliana_Pereira-Simona_Halep,1,SnV1st,1,0,0,0,0,0,0,0,1,0,4
20140624-W-Wimbledon-R128-Teliana_Pereira-Simona_Halep,1,nonSnV,66,34,2,2,13,2,2,1,4,0,288
20140624-W-Wimbledon-R128-Teliana_Pereira-Simona_Halep,1,nonSnV1st,47,24,2,2,13,2,2,1,3,0,186
20140624-W-Wimbledon-R128-Teliana_Pereira-Simona_Halep,1,nonSnV2nd,19,10,0,0,0,0,0,0,1,0,102
20140701-W-Wimbledon-QF-Barbora_Zahlavova_Strycova-Petra_Kvitova,1,SnV,1,1,0,1,0,0,0,0,0,0,1
20140701-W-Wimbledon-QF-Barbora_Zahlavova_Strycova-Petra_Kvitova,1,SnV2nd,1,1,0,1,0,0,0,0,0,0,1
20140701-W-Wimbledon-QF-Barbora_Zahlavova_Strycova-Petra_Kvitova,1,nonSnV,71,37,0,5,10,2,3,0,5,1,261
20140701-W-Wimbledon-QF-Barbora_Zahlavova_Strycova-Petra_Kvitova,1,nonSnV1st,45,24,0,4,9,2,1,0,3,1,154
20140701-W-Wimbledon-QF-Barbora_Zahlavova_Strycova-Petra_Kvitova,1,nonSnV2nd,26,13,0,1,1,0,2,0,2,0,107
20130814-W-Cincinnati-R64-Na_Li-Lauren_Davis,1,SnV,4,3,0,0,0,0,3,1,0,0,11
20130814-W-Cincinnati-R64-Na_Li-Lauren_Davis,1,SnV1st,4,3,0,0,0,0,3,1,0,0,11
20130814-W-Cincinnati-R64-Na_Li-Lauren_Davis,1,nonSnV,65,47,3,0,8,2,1,0,1,0,265
20130814-W-Cincinnati-R64-Na_Li-Lauren_Davis,1,nonSnV1st,43,36,3,0,7,2,1,0,0,0,176
20130814-W-Cincinnati-R64-Na_Li-Lauren_Davis,1,nonSnV2nd,22,11,0,0,1,0,0,0,1,0,89
20140725-W-Baku-QF-Pauline_Parmentier-Elina_Svitolina,2,SnV,1,1,0,0,0,1,0,0,0,0,3
20140725-W-Baku-QF-Pauline_Parmentier-Elina_Svitolina,2,SnV1st,1,1,0,0,0,1,0,0,0,0,3
20140725-W-Baku-QF-Pauline_Parmentier-Elina_Svitolina,2,nonSnV,71,42,1,1,7,0,1,0,4,0,340
20140725-W-Baku-QF-Pauline_Parmentier-Elina_Svitolina,2,nonSnV1st,44,30,1,1,7,0,1,0,2,0,186
20140725-W-Baku-QF-Pauline_Parmentier-Elina_Svitolina,2,nonSnV2nd,27,12,0,0,0,0,0,0,2,0,154
20140807-W-Montreal-R32-Ana_Ivanovic-Coco_Vandeweghe,2,SnV,5,5,0,0,0,3,0,0,0,0,17
20140807-W-Montreal-R32-Ana_Ivanovic-Coco_Vandeweghe,2,SnV1st,5,5,0,0,0,3,0,0,0,0,17
20140807-W-Montreal-R32-Ana_Ivanovic-Coco_Vandeweghe,2,nonSnV,106,76,11,0,23,4,2,1,1,0,284
20140807-W-Montreal-R32-Ana_Ivanovic-Coco_Vandeweghe,2,nonSnV1st,58,43,10,0,19,2,2,1,0,0,131
20140807-W-Montreal-R32-Ana_Ivanovic-Coco_Vandeweghe,2,nonSnV2nd,48,33,1,0,4,2,0,0,1,0,153
20140928-W-Beijing-R64-Agnieszka_Radwanska-Coco_Vandeweghe,2,SnV,1,1,0,0,0,0,1,0,0,0,3
20140928-W-Beijing-R64-Agnieszka_Radwanska-Coco_Vandeweghe,2,SnV1st,1,1,0,0,0,0,1,0,0,0,3
20140928-W-Beijing-R64-Agnieszka_Radwanska-Coco_Vandeweghe,2,nonSnV,46,26,3,0,4,5,0,1,0,0,192
20140928-W-Beijing-R64-Agnieszka_Radwanska-Coco_Vandeweghe,2,nonSnV1st,24,15,3,0,4,1,0,0,0,0,73
20140928-W-Beijing-R64-Agnieszka_Radwanska-Coco_Vandeweghe,2,nonSnV2nd,22,11,0,0,0,4,0,1,0,0,119
20140214-W-Doha-QF-Petra_Cetkovska-Angelique_Kerber,1,SnV,1,1,0,0,0,0,0,0,0,0,3
20140214-W-Doha-QF-Petra_Cetkovska-Angelique_Kerber,1,SnV1st,1,1,0,0,0,0,0,0,0,0,3
20140214-W-Doha-QF-Petra_Cetkovska-Angelique_Kerber,1,nonSnV,38,11,0,0,2,1,1,2,1,1,229
20140214-W-Doha-QF-Petra_Cetkovska-Angelique_Kerber,1,nonSnV1st,27,8,0,0,2,1,1,0,1,1,158
20140214-W-Doha-QF-Petra_Cetkovska-Angelique_Kerber,1,nonSnV2nd,11,3,0,0,0,0,0,2,0,0,71
20140314-W-Indian_Wells-SF-Agnieszka_Radwanska-Simona_Halep,1,SnV,1,1,0,0,0,0,0,0,0,0,3
20140314-W-Indian_Wells-SF-Agnieszka_Radwanska-Simona_Halep,1,SnV1st,1,1,0,0,0,0,0,0,0,0,3
20140314-W-Indian_Wells-SF-Agnieszka_Radwanska-Simona_Halep,1,nonSnV,66,40,3,0,4,6,4,3,3,0,404
20140314-W-Indian_Wells-SF-Agnieszka_Radwanska-Simona_Halep,1,nonSnV1st,47,27,3,0,3,3,3,2,3,0,253
20140314-W-Indian_Wells-SF-Agnieszka_Radwanska-Simona_Halep,1,nonSnV2nd,19,13,0,0,1,3,1,1,0,0,151
20140113-W-Australian_Open-R128-Ana_Konjuh-Na_Li,2,SnV,3,1,0,0,0,1,0,1,0,0,9
20140113-W-Australian_Open-R128-Ana_Konjuh-Na_Li,2,SnV1st,3,1,0,0,0,1,0,1,0,0,9
20140113-W-Australian_Open-R128-Ana_Konjuh-Na_Li,2,nonSnV,42,30,3,0,7,2,0,2,1,0,134
20140113-W-Australian_Open-R128-Ana_Konjuh-Na_Li,2,nonSnV1st,31,23,3,0,7,2,0,1,1,0,99
20140113-W-Australian_Open-R128-Ana_Konjuh-Na_Li,2,nonSnV2nd,11,7,0,0,0,0,0,1,0,0,35
20141018-W-Luxembourg-F-Barbora_Zahlavova_Strycova-Annika_Beck,1,SnV,6,4,0,0,0,3,1,0,2,0,20
20141018-W-Luxembourg-F-Barbora_Zahlavova_Strycova-Annika_Beck,1,SnV1st,6,4,0,0,0,3,1,0,2,0,20
20141018-W-Luxembourg-F-Barbora_Zahlavova_Strycova-Annika_Beck,1,nonSnV,55,21,1,0,3,7,0,1,2,3,387
20141018-W-Luxembourg-F-Barbora_Zahlavova_Strycova-Annika_Beck,1,nonSnV1st,35,16,1,0,3,6,0,1,1,2,238
20141018-W-Luxembourg-F-Barbora_Zahlavova_Strycova-Annika_Beck,1,nonSnV2nd,20,5,0,0,0,1,0,0,1,1,149
20141024-W-Singapore-RR-Ana_Ivanovic-Simona_Halep,1,SnV,1,0,0,0,0,0,0,1,0,0,2
20141024-W-Singapore-RR-Ana_Ivanovic-Simona_Halep,1,SnV1st,1,0,0,0,0,0,0,1,0,0,2
20141024-W-Singapore-RR-Ana_Ivanovic-Simona_Halep,1,nonSnV,99,63,2,0,11,14,4,2,3,0,419
20141024-W-Singapore-RR-Ana_Ivanovic-Simona_Halep,1,nonSnV1st,54,38,2,0,6,12,3,1,3,0,244
20141024-W-Singapore-RR-Ana_Ivanovic-Simona_Halep,1,nonSnV2nd,45,25,0,0,5,2,1,1,0,0,175
20140113-W-Australian_Open-R64-Alla_Kudryavtseva-Angelique_Kerber,2,SnV,1,0,0,0,0,0,0,1,0,0,2
20140113-W-Australian_Open-R64-Alla_Kudryavtseva-Angelique_Kerber,2,SnV1st,1,0,0,0,0,0,0,1,0,0,2
20140113-W-Australian_Open-R64-Alla_Kudryavtseva-Angelique_Kerber,2,nonSnV,47,35,3,3,13,1,0,0,1,0,131
20140113-W-Australian_Open-R64-Alla_Kudryavtseva-Angelique_Kerber,2,nonSnV1st,28,24,3,3,9,1,0,0,0,0,60
20140113-W-Australian_Open-R64-Alla_Kudryavtseva-Angelique_Kerber,2,nonSnV2nd,19,11,0,0,4,0,0,0,1,0,71
20140707-W-Sacramento_CA_50K-R32-Nicole_Gibbs-Alexandra_Stevenson,2,SnV,2,0,0,0,0,0,0,2,0,0,6
20140707-W-Sacramento_CA_50K-R32-Nicole_Gibbs-Alexandra_Stevenson,2,SnV1st,1,0,0,0,0,0,0,1,0,0,4
20140707-W-Sacramento_CA_50K-R32-Nicole_Gibbs-Alexandra_Stevenson,2,SnV2nd,1,0,0,0,0,0,0,1,0,0,2
20140707-W-Sacramento_CA_50K-R32-Nicole_Gibbs-Alexandra_Stevenson,2,nonSnV,41,22,3,0,6,2,0,1,2,0,150
20140707-W-Sacramento_CA_50K-R32-Nicole_Gibbs-Alexandra_Stevenson,2,nonSnV1st,24,16,3,0,4,2,0,1,1,0,74
20140707-W-Sacramento_CA_50K-R32-Nicole_Gibbs-Alexandra_Stevenson,2,nonSnV2nd,17,6,0,0,2,0,0,0,1,0,76
20120723-W-Baku-R32-Qiang_Wang-Mandy_Minella,2,SnV,1,1,0,0,0,1,0,0,0,0,3
20120723-W-Baku-R32-Qiang_Wang-Mandy_Minella,2,SnV1st,1,1,0,0,0,1,0,0,0,0,3
20120723-W-Baku-R32-Qiang_Wang-Mandy_Minella,2,nonSnV,95,56,0,3,14,8,0,2,1,0,496
20120723-W-Baku-R32-Qiang_Wang-Mandy_Minella,2,nonSnV1st,58,35,0,3,11,4,0,1,1,0,287
20120723-W-Baku-R32-Qiang_Wang-Mandy_Minella,2,nonSnV2nd,37,21,0,0,3,4,0,1,0,0,209
20141006-W-Linz-SF-Anna_Lena_Friedsam-Karolina_Pliskova,2,SnV,1,1,0,0,0,1,0,0,0,0,3
20141006-W-Linz-SF-Anna_Lena_Friedsam-Karolina_Pliskova,2,SnV1st,1,1,0,0,0,1,0,0,0,0,3
20141006-W-Linz-SF-Anna_Lena_Friedsam-Karolina_Pliskova,2,nonSnV,81,50,12,6,6,5,0,0,2,1,366
20141006-W-Linz-SF-Anna_Lena_Friedsam-Karolina_Pliskova,2,nonSnV1st,50,36,12,6,3,3,0,0,1,1,198
20141006-W-Linz-SF-Anna_Lena_Friedsam-Karolina_Pliskova,2,nonSnV2nd,31,14,0,0,3,2,0,0,1,0,168
20140908-W-Quebec_City-F-Mirjana_Lucic-Venus_Williams,2,SnV,2,2,0,0,0,2,0,0,0,0,8
20140908-W-Quebec_City-F-Mirjana_Lucic-Venus_Williams,2,SnV1st,2,2,0,0,0,2,0,0,0,0,8
20140908-W-Quebec_City-F-Mirjana_Lucic-Venus_Williams,2,nonSnV,65,32,5,2,8,0,1,0,0,0,214
20140908-W-Quebec_City-F-Mirjana_Lucic-Venus_Williams,2,nonSnV1st,35,21,5,2,6,0,1,0,0,0,97
20140908-W-Quebec_City-F-Mirjana_Lucic-Venus_Williams,2,nonSnV2nd,30,11,0,0,2,0,0,0,0,0,117
20141020-W-Macon_GA_50K-QF-Irina_Falconi-Madison_Brengle,1,SnV,1,0,0,0,0,0,0,0,0,0,2
20141020-W-Macon_GA_50K-QF-Irina_Falconi-Madison_Brengle,1,SnV1st,1,0,0,0,0,0,0,0,0,0,2
20141020-W-Macon_GA_50K-QF-Irina_Falconi-Madison_Brengle,1,nonSnV,52,34,0,0,3,7,0,2,4,0,374
20141020-W-Macon_GA_50K-QF-Irina_Falconi-Madison_Brengle,1,nonSnV1st,36,25,0,0,2,5,0,1,2,0,239
20141020-W-Macon_GA_50K-QF-Irina_Falconi-Madison_Brengle,1,nonSnV2nd,16,9,0,0,1,2,0,1,2,0,135
20141020-W-Macon_GA_50K-QF-Irina_Falconi-Madison_Brengle,2,SnV,1,0,0,0,0,0,0,0,0,0,2
20141020-W-Macon_GA_50K-QF-Irina_Falconi-Madison_Brengle,2,SnV1st,1,0,0,0,0,0,0,0,0,0,2
20141020-W-Macon_GA_50K-QF-Irina_Falconi-Madison_Brengle,2,nonSnV,54,26,0,1,7,3,0,0,5,1,372
20141020-W-Macon_GA_50K-QF-Irina_Falconi-Madison_Brengle,2,nonSnV1st,38,20,0,1,3,3,0,0,4,1,298
20141020-W-Macon_GA_50K-QF-Irina_Falconi-Madison_Brengle,2,nonSnV2nd,16,6,0,0,4,0,0,0,1,0,74
20140113-W-Australian_Open_Q-Q2-Carina_Witthoeft-Anastasia_Rodionova,1,SnV,1,1,0,0,0,1,0,0,0,0,3
20140113-W-Australian_Open_Q-Q2-Carina_Witthoeft-Anastasia_Rodionova,1,SnV1st,1,1,0,0,0,1,0,0,0,0,3
20140113-W-Australian_Open_Q-Q2-Carina_Witthoeft-Anastasia_Rodionova,1,nonSnV,63,42,2,4,13,0,0,0,1,0,284
20140113-W-Australian_Open_Q-Q2-Carina_Witthoeft-Anastasia_Rodionova,1,nonSnV1st,38,23,2,4,7,0,0,0,0,0,165
20140113-W-Australian_Open_Q-Q2-Carina_Witthoeft-Anastasia_Rodionova,1,nonSnV2nd,25,19,0,0,6,0,0,0,1,0,119
20140113-W-Australian_Open_Q-Q2-Carina_Witthoeft-Anastasia_Rodionova,2,SnV,1,1,0,0,0,0,1,0,0,0,3
20140113-W-Australian_Open_Q-Q2-Carina_Witthoeft-Anastasia_Rodionova,2,SnV1st,1,1,0,0,0,0,1,0,0,0,3
20140113-W-Australian_Open_Q-Q2-Carina_Witthoeft-Anastasia_Rodionova,2,nonSnV,56,30,1,3,11,0,0,0,0,0,252
20140113-W-Australian_Open_Q-Q2-Carina_Witthoeft-Anastasia_Rodionova,2,nonSnV1st,34,21,1,2,9,0,0,0,0,0,137
20140113-W-Australian_Open_Q-Q2-Carina_Witthoeft-Anastasia_Rodionova,2,nonSnV2nd,22,9,0,1,2,0,0,0,0,0,115
20140601-W-Roland_Garros-R16-Pauline_Parmentier-Garbine_Muguruza,2,SnV,1,1,0,0,0,1,0,0,0,0,5
20140601-W-Roland_Garros-R16-Pauline_Parmentier-Garbine_Muguruza,2,SnV1st,1,1,0,0,0,1,0,0,0,0,5
20140601-W-Roland_Garros-R16-Pauline_Parmentier-Garbine_Muguruza,2,nonSnV,45,31,0,1,9,5,1,1,2,1,237
20140601-W-Roland_Garros-R16-Pauline_Parmentier-Garbine_Muguruza,2,nonSnV1st,29,22,0,1,7,4,1,1,2,0,152
20140601-W-Roland_Garros-R16-Pauline_Parmentier-Garbine_Muguruza,2,nonSnV2nd,16,9,0,0,2,1,0,0,0,1,85
20140616-W-Eastbourne-R32-Caroline_Wozniacki-Samantha_Stosur,2,SnV,4,2,0,0,0,2,0,1,0,1,14
20140616-W-Eastbourne-R32-Caroline_Wozniacki-Samantha_Stosur,2,SnV1st,4,2,0,0,0,2,0,1,0,1,14
20140616-W-Eastbourne-R32-Caroline_Wozniacki-Samantha_Stosur,2,nonSnV,60,34,3,2,7,5,2,0,3,0,258
20140616-W-Eastbourne-R32-Caroline_Wozniacki-Samantha_Stosur,2,nonSnV1st,41,27,3,2,5,4,2,0,3,0,147
20140616-W-Eastbourne-R32-Caroline_Wozniacki-Samantha_Stosur,2,nonSnV2nd,19,7,0,0,2,1,0,0,0,0,111
20140620-W-Eastbourne-SF-Madison_Keys-Heather_Watson,1,SnV,1,1,0,0,0,1,0,0,0,0,3
20140620-W-Eastbourne-SF-Madison_Keys-Heather_Watson,1,SnV1st,1,1,0,0,0,1,0,0,0,0,3
20140620-W-Eastbourne-SF-Madison_Keys-Heather_Watson,1,nonSnV,48,35,5,8,11,1,0,0,1,0,121
20140620-W-Eastbourne-SF-Madison_Keys-Heather_Watson,1,nonSnV1st,25,20,5,8,3,1,0,0,0,0,48
20140620-W-Eastbourne-SF-Madison_Keys-Heather_Watson,1,nonSnV2nd,23,15,0,0,8,0,0,0,1,0,73
20140114-W-Australian_Open-R128-Simona_Halep-Katarzyna_Piter,2,SnV,1,1,0,0,0,1,0,0,0,0,3
20140114-W-Australian_Open-R128-Simona_Halep-Katarzyna_Piter,2,SnV1st,1,1,0,0,0,1,0,0,0,0,3
20140114-W-Australian_Open-R128-Simona_Halep-Katarzyna_Piter,2,nonSnV,31,12,1,0,4,1,2,0,1,0,156
20140114-W-Australian_Open-R128-Simona_Halep-Katarzyna_Piter,2,nonSnV1st,26,11,1,0,4,1,2,0,1,0,119
20140114-W-Australian_Open-R128-Simona_Halep-Katarzyna_Piter,2,nonSnV2nd,5,1,0,0,0,0,0,0,0,0,37
20090511-W-Madrid-SF-Patty_Schnyder-Dinara_Safina,1,SnV,1,1,0,0,0,1,0,0,0,0,3
20090511-W-Madrid-SF-Patty_Schnyder-Dinara_Safina,1,SnV1st,1,1,0,0,0,1,0,0,0,0,3
20090511-W-Madrid-SF-Patty_Schnyder-Dinara_Safina,1,nonSnV,59,29,1,3,6,3,1,0,3,1,229
20090511-W-Madrid-SF-Patty_Schnyder-Dinara_Safina,1,nonSnV1st,38,21,1,1,4,3,1,0,1,1,165
20090511-W-Madrid-SF-Patty_Schnyder-Dinara_Safina,1,nonSnV2nd,21,8,0,2,2,0,0,0,2,0,64
19811130-W-Australian_Open-F-Martina_Navratilova-Chris_Evert,1,SnV,56,32,0,0,10,13,8,11,2,0,156
19811130-W-Australian_Open-F-Martina_Navratilova-Chris_Evert,1,SnV1st,49,29,0,0,9,12,8,10,2,0,139
19811130-W-Australian_Open-F-Martina_Navratilova-Chris_Evert,1,SnV2nd,7,3,0,0,1,1,0,1,0,0,17
19811130-W-Australian_Open-F-Martina_Navratilova-Chris_Evert,1,nonSnV,56,29,1,6,4,6,2,2,4,0,293
19811130-W-Australian_Open-F-Martina_Navratilova-Chris_Evert,1,nonSnV1st,25,19,1,6,4,4,2,1,2,0,97
19811130-W-Australian_Open-F-Martina_Navratilova-Chris_Evert,1,nonSnV2nd,31,10,0,0,0,2,0,1,2,0,196
20141026-W-Singapore-F-Serena_Williams-Simona_Halep,1,SnV,1,1,0,0,0,1,0,0,0,0,5
20141026-W-Singapore-F-Serena_Williams-Simona_Halep,1,SnV1st,1,1,0,0,0,1,0,0,0,0,5
20141026-W-Singapore-F-Serena_Williams-Simona_Halep,1,nonSnV,45,30,4,0,5,7,2,2,1,0,172
20141026-W-Singapore-F-Serena_Williams-Simona_Halep,1,nonSnV1st,30,22,4,0,5,7,2,2,1,0,104
20141026-W-Singapore-F-Serena_Williams-Simona_Halep,1,nonSnV2nd,15,8,0,0,0,0,0,0,0,0,68
20141026-W-Singapore-F-Serena_Williams-Simona_Halep,2,SnV,1,1,0,0,1,0,0,0,0,0,1
20141026-W-Singapore-F-Serena_Williams-Simona_Halep,2,SnV1st,1,1,0,0,1,0,0,0,0,0,1
20141026-W-Singapore-F-Serena_Williams-Simona_Halep,2,nonSnV,47,20,2,0,6,0,0,0,2,0,182
20141026-W-Singapore-F-Serena_Williams-Simona_Halep,2,nonSnV1st,27,12,2,0,4,0,0,0,0,0,110
20141026-W-Singapore-F-Serena_Williams-Simona_Halep,2,nonSnV2nd,20,8,0,0,2,0,0,0,2,0,72
20140125-W-Australian_Open-F-Dominika_Cibulkova-Na_Li,2,SnV,1,0,0,0,0,0,0,0,1,0,6
20140125-W-Australian_Open-F-Dominika_Cibulkova-Na_Li,2,SnV1st,1,0,0,0,0,0,0,0,1,0,6
20140125-W-Australian_Open-F-Dominika_Cibulkova-Na_Li,2,nonSnV,56,36,2,0,4,4,0,0,0,1,274
20140125-W-Australian_Open-F-Dominika_Cibulkova-Na_Li,2,nonSnV1st,35,21,2,0,3,4,0,0,0,0,161
20140125-W-Australian_Open-F-Dominika_Cibulkova-Na_Li,2,nonSnV2nd,21,15,0,0,1,0,0,0,0,1,113
20040815-W-Olympics-F-Amelie_Mauresmo-Justine_Henin,1,SnV,1,0,0,0,0,0,0,0,0,0,2
20040815-W-Olympics-F-Amelie_Mauresmo-Justine_Henin,1,SnV1st,1,0,0,0,0,0,0,0,0,0,2
20040815-W-Olympics-F-Amelie_Mauresmo-Justine_Henin,1,nonSnV,59,35,4,2,13,1,1,1,0,1,255
20040815-W-Olympics-F-Amelie_Mauresmo-Justine_Henin,1,nonSnV1st,41,25,4,2,7,1,1,1,0,1,167
20040815-W-Olympics-F-Amelie_Mauresmo-Justine_Henin,1,nonSnV2nd,18,10,0,0,6,0,0,0,0,0,88
20040815-W-Olympics-F-Amelie_Mauresmo-Justine_Henin,2,SnV,2,1,0,0,0,0,1,0,1,0,9
20040815-W-Olympics-F-Amelie_Mauresmo-Justine_Henin,2,SnV1st,2,1,0,0,0,0,1,0,1,0,9
20040815-W-Olympics-F-Amelie_Mauresmo-Justine_Henin,2,nonSnV,47,36,1,6,7,5,1,0,2,0,198
20040815-W-Olympics-F-Amelie_Mauresmo-Justine_Henin,2,nonSnV1st,32,27,1,6,6,3,1,0,1,0,117
20040815-W-Olympics-F-Amelie_Mauresmo-Justine_Henin,2,nonSnV2nd,15,9,0,0,1,2,0,0,1,0,81
20130508-W-Madrid-R32-Serena_Williams-Lourdes_Dominguez_Lino,1,SnV,1,0,0,0,0,0,0,0,1,0,4
20130508-W-Madrid-R32-Serena_Williams-Lourdes_Dominguez_Lino,1,SnV1st,1,0,0,0,0,0,0,0,1,0,4
20130508-W-Madrid-R32-Serena_Williams-Lourdes_Dominguez_Lino,1,nonSnV,60,39,2,0,8,8,3,0,1,0,335
20130508-W-Madrid-R32-Serena_Williams-Lourdes_Dominguez_Lino,1,nonSnV1st,39,28,2,0,7,4,1,0,0,0,186
20130508-W-Madrid-R32-Serena_Williams-Lourdes_Dominguez_Lino,1,nonSnV2nd,21,11,0,0,1,4,2,0,1,0,149
20140929-W-Beijing-R16-Barbora_Zahlavova_Strycova-Simona_Halep,1,SnV,1,0,0,0,0,0,0,0,0,0,2
20140929-W-Beijing-R16-Barbora_Zahlavova_Strycova-Simona_Halep,1,SnV1st,1,0,0,0,0,0,0,0,0,0,2
20140929-W-Beijing-R16-Barbora_Zahlavova_Strycova-Simona_Halep,1,nonSnV,53,28,0,0,9,3,1,0,2,1,276
20140929-W-Beijing-R16-Barbora_Zahlavova_Strycova-Simona_Halep,1,nonSnV1st,32,18,0,0,8,3,1,0,2,0,176
20140929-W-Beijing-R16-Barbora_Zahlavova_Strycova-Simona_Halep,1,nonSnV2nd,21,10,0,0,1,0,0,0,0,1,100
20131031-W-Sofia-RR-Simona_Halep-Elina_Svitolina,2,SnV,1,1,0,0,0,0,1,0,0,0,3
20131031-W-Sofia-RR-Simona_Halep-Elina_Svitolina,2,SnV1st,1,1,0,0,0,0,1,0,0,0,3
20131031-W-Sofia-RR-Simona_Halep-Elina_Svitolina,2,nonSnV,38,11,0,0,2,0,1,1,1,1,191
20131031-W-Sofia-RR-Simona_Halep-Elina_Svitolina,2,nonSnV1st,23,6,0,0,2,0,0,1,1,1,108
20131031-W-Sofia-RR-Simona_Halep-Elina_Svitolina,2,nonSnV2nd,15,5,0,0,0,0,1,0,0,0,83
20111013-W-Linz-R16-Patricia_Mayr_Achleitner-Petra_Kvitova,2,SnV,1,0,0,0,0,0,0,0,0,0,2
20111013-W-Linz-R16-Patricia_Mayr_Achleitner-Petra_Kvitova,2,SnV1st,1,0,0,0,0,0,0,0,0,0,2
20111013-W-Linz-R16-Patricia_Mayr_Achleitner-Petra_Kvitova,2,nonSnV,52,35,7,1,11,9,0,1,2,1,161
20111013-W-Linz-R16-Patricia_Mayr_Achleitner-Petra_Kvitova,2,nonSnV1st,40,26,7,1,7,5,0,1,2,1,122
20111013-W-Linz-R16-Patricia_Mayr_Achleitner-Petra_Kvitova,2,nonSnV2nd,12,9,0,0,4,4,0,0,0,0,39
20140408-W-Katowice-R32-Agnieszka_Radwanska-Kristyna_Pliskova,1,SnV,2,2,0,0,0,2,0,0,0,0,8
20140408-W-Katowice-R32-Agnieszka_Radwanska-Kristyna_Pliskova,1,SnV1st,2,2,0,0,0,2,0,0,0,0,8
20140408-W-Katowice-R32-Agnieszka_Radwanska-Kristyna_Pliskova,1,nonSnV,49,37,4,1,8,4,2,0,5,0,185
20140408-W-Katowice-R32-Agnieszka_Radwanska-Kristyna_Pliskova,1,nonSnV1st,28,22,4,1,7,4,1,0,3,0,106
20140408-W-Katowice-R32-Agnieszka_Radwanska-Kristyna_Pliskova,1,nonSnV2nd,21,15,0,0,1,0,1,0,2,0,79
20140408-W-Katowice-R32-Agnieszka_Radwanska-Kristyna_Pliskova,2,SnV,1,0,0,0,0,0,0,0,0,0,2
20140408-W-Katowice-R32-Agnieszka_Radwanska-Kristyna_Pliskova,2,SnV1st,1,0,0,0,0,0,0,0,0,0,2
20140408-W-Katowice-R32-Agnieszka_Radwanska-Kristyna_Pliskova,2,nonSnV,52,29,4,1,3,5,1,2,2,3,235
20140408-W-Katowice-R32-Agnieszka_Radwanska-Kristyna_Pliskova,2,nonSnV1st,24,12,3,1,2,3,1,2,2,2,94
20140408-W-Katowice-R32-Agnieszka_Radwanska-Kristyna_Pliskova,2,nonSnV2nd,28,17,1,0,1,2,0,0,0,1,141
20140802-W-Stanford-SF-Serena_Williams-Andrea_Petkovic,1,SnV,1,1,0,0,0,0,1,0,0,0,3
20140802-W-Stanford-SF-Serena_Williams-Andrea_Petkovic,1,SnV1st,1,1,0,0,0,0,1,0,0,0,3
20140802-W-Stanford-SF-Serena_Williams-Andrea_Petkovic,1,nonSnV,53,39,6,2,8,2,1,2,0,0,185
20140802-W-Stanford-SF-Serena_Williams-Andrea_Petkovic,1,nonSnV1st,31,25,6,2,5,1,1,1,0,0,105
20140802-W-Stanford-SF-Serena_Williams-Andrea_Petkovic,1,nonSnV2nd,22,14,0,0,3,1,0,1,0,0,80
20140916-W-Tokyo-R32-Elina_Svitolina-Barbora_Zahlavova_Strycova,2,SnV,1,0,0,0,0,0,0,0,1,0,6
20140916-W-Tokyo-R32-Elina_Svitolina-Barbora_Zahlavova_Strycova,2,SnV2nd,1,0,0,0,0,0,0,0,1,0,6
20140916-W-Tokyo-R32-Elina_Svitolina-Barbora_Zahlavova_Strycova,2,nonSnV,65,32,0,1,6,9,3,1,3,0,352
20140916-W-Tokyo-R32-Elina_Svitolina-Barbora_Zahlavova_Strycova,2,nonSnV1st,40,22,0,1,5,8,3,0,2,0,188
20140916-W-Tokyo-R32-Elina_Svitolina-Barbora_Zahlavova_Strycova,2,nonSnV2nd,25,10,0,0,1,1,0,1,1,0,164
20150107-W-Auckland-R16-Caroline_Wozniacki-Taylor_Townsend,2,SnV,1,0,0,0,0,0,0,0,0,0,2
20150107-W-Auckland-R16-Caroline_Wozniacki-Taylor_Townsend,2,SnV1st,1,0,0,0,0,0,0,0,0,0,2
20150107-W-Auckland-R16-Caroline_Wozniacki-Taylor_Townsend,2,nonSnV,54,29,2,2,7,7,1,3,0,0,229
20150107-W-Auckland-R16-Caroline_Wozniacki-Taylor_Townsend,2,nonSnV1st,35,19,2,1,5,5,0,3,0,0,143
20150107-W-Auckland-R16-Caroline_Wozniacki-Taylor_Townsend,2,nonSnV2nd,19,10,0,1,2,2,1,0,0,0,86
20150119-W-Australian_Open-R128-Magdalena_Rybarikova-Ana_Konjuh,1,SnV,5,2,0,0,0,0,2,0,2,1,18
20150119-W-Australian_Open-R128-Magdalena_Rybarikova-Ana_Konjuh,1,SnV1st,5,2,0,0,0,0,2,0,2,1,18
20150119-W-Australian_Open-R128-Magdalena_Rybarikova-Ana_Konjuh,1,nonSnV,51,33,6,2,3,2,0,0,3,0,199
20150119-W-Australian_Open-R128-Magdalena_Rybarikova-Ana_Konjuh,1,nonSnV1st,34,26,6,2,3,2,0,0,3,0,120
20150119-W-Australian_Open-R128-Magdalena_Rybarikova-Ana_Konjuh,1,nonSnV2nd,17,7,0,0,0,0,0,0,0,0,79
20150123-W-Australian_Open-R32-Bethanie_Mattek_Sands-Simona_Halep,1,SnV,1,0,0,0,0,0,0,1,0,0,4
20150123-W-Australian_Open-R32-Bethanie_Mattek_Sands-Simona_Halep,1,SnV1st,1,0,0,0,0,0,0,1,0,0,4
20150123-W-Australian_Open-R32-Bethanie_Mattek_Sands-Simona_Halep,1,nonSnV,70,41,2,0,7,7,4,0,2,2,335
20150123-W-Australian_Open-R32-Bethanie_Mattek_Sands-Simona_Halep,1,nonSnV1st,42,27,2,0,5,5,3,0,1,1,195
20150123-W-Australian_Open-R32-Bethanie_Mattek_Sands-Simona_Halep,1,nonSnV2nd,28,14,0,0,2,2,1,0,1,1,140
20150122-W-Australian_Open-R64-Serena_Williams-Vera_Zvonareva,2,SnV,4,3,0,0,2,1,0,0,0,0,7
20150122-W-Australian_Open-R64-Serena_Williams-Vera_Zvonareva,2,SnV1st,4,3,0,0,2,1,0,0,0,0,7
20150122-W-Australian_Open-R64-Serena_Williams-Vera_Zvonareva,2,nonSnV,61,27,2,0,4,4,1,0,1,0,309
20150122-W-Australian_Open-R64-Serena_Williams-Vera_Zvonareva,2,nonSnV1st,36,17,2,0,4,2,1,0,1,0,167
20150122-W-Australian_Open-R64-Serena_Williams-Vera_Zvonareva,2,nonSnV2nd,25,10,0,0,0,2,0,0,0,0,142
20150122-W-Australian_Open-R64-Samantha_Stosur-Coco_Vandeweghe,2,SnV,3,1,0,0,0,1,0,1,0,0,7
20150122-W-Australian_Open-R64-Samantha_Stosur-Coco_Vandeweghe,2,SnV1st,3,1,0,0,0,1,0,1,0,0,7
20150122-W-Australian_Open-R64-Samantha_Stosur-Coco_Vandeweghe,2,nonSnV,49,39,11,2,11,2,0,1,0,1,131
20150122-W-Australian_Open-R64-Samantha_Stosur-Coco_Vandeweghe,2,nonSnV1st,29,27,10,2,11,1,0,1,0,0,45
20150122-W-Australian_Open-R64-Samantha_Stosur-Coco_Vandeweghe,2,nonSnV2nd,20,12,1,0,0,1,0,0,0,1,86
20150209-W-Antwerp-Q3-Kateryna_Bondarenko-Dinah_Pfizenmaier,2,SnV,1,1,0,0,0,0,1,0,0,0,3
20150209-W-Antwerp-Q3-Kateryna_Bondarenko-Dinah_Pfizenmaier,2,SnV1st,1,1,0,0,0,0,1,0,0,0,3
20150209-W-Antwerp-Q3-Kateryna_Bondarenko-Dinah_Pfizenmaier,2,nonSnV,41,16,1,1,5,0,1,1,2,1,218
20150209-W-Antwerp-Q3-Kateryna_Bondarenko-Dinah_Pfizenmaier,2,nonSnV1st,22,12,1,1,5,0,1,0,1,1,110
20150209-W-Antwerp-Q3-Kateryna_Bondarenko-Dinah_Pfizenmaier,2,nonSnV2nd,19,4,0,0,0,0,0,1,1,0,108
20150213-W-Antwerp-QF-Mona_Barthel-Barbora_Zahlavova_Strycova,1,SnV,1,1,0,0,0,1,0,0,0,0,3
20150213-W-Antwerp-QF-Mona_Barthel-Barbora_Zahlavova_Strycova,1,SnV1st,1,1,0,0,0,1,0,0,0,0,3
20150213-W-Antwerp-QF-Mona_Barthel-Barbora_Zahlavova_Strycova,1,nonSnV,44,22,0,0,5,1,0,1,2,0,232
20150213-W-Antwerp-QF-Mona_Barthel-Barbora_Zahlavova_Strycova,1,nonSnV1st,27,12,0,0,5,0,0,0,1,0,102
20150213-W-Antwerp-QF-Mona_Barthel-Barbora_Zahlavova_Strycova,1,nonSnV2nd,17,10,0,0,0,1,0,1,1,0,130
20150216-W-Dubai-R32-Caroline_Wozniacki-Samantha_Stosur,1,SnV,1,1,0,0,0,1,0,0,0,0,3
20150216-W-Dubai-R32-Caroline_Wozniacki-Samantha_Stosur,1,SnV1st,1,1,0,0,0,1,0,0,0,0,3
20150216-W-Dubai-R32-Caroline_Wozniacki-Samantha_Stosur,1,nonSnV,99,56,0,0,12,2,0,1,1,0,622
20150216-W-Dubai-R32-Caroline_Wozniacki-Samantha_Stosur,1,nonSnV1st,67,38,0,0,8,2,0,0,1,0,438
20150216-W-Dubai-R32-Caroline_Wozniacki-Samantha_Stosur,1,nonSnV2nd,32,18,0,0,4,0,0,1,0,0,184
20140214-W-Doha-QF-Sara_Errani-Simona_Halep,1,SnV,1,1,0,0,0,1,0,0,0,0,3
20140214-W-Doha-QF-Sara_Errani-Simona_Halep,1,SnV1st,1,1,0,0,0,1,0,0,0,0,3
20140214-W-Doha-QF-Sara_Errani-Simona_Halep,1,nonSnV,32,12,0,0,0,2,0,0,1,1,166
20140214-W-Doha-QF-Sara_Errani-Simona_Halep,1,nonSnV1st,24,9,0,0,0,1,0,0,0,1,119
20140214-W-Doha-QF-Sara_Errani-Simona_Halep,1,nonSnV2nd,8,3,0,0,0,1,0,0,1,0,47
20150304-W-Monterrey-R16-Timea_Babos-Sara_Errani,1,SnV,2,2,0,0,0,2,0,0,0,0,12
20150304-W-Monterrey-R16-Timea_Babos-Sara_Errani,1,SnV1st,2,2,0,0,0,2,0,0,0,0,12
20150304-W-Monterrey-R16-Timea_Babos-Sara_Errani,1,nonSnV,42,17,2,0,5,4,0,1,1,2,169
20150304-W-Monterrey-R16-Timea_Babos-Sara_Errani,1,nonSnV1st,27,11,2,0,3,2,0,0,1,1,111
20150304-W-Monterrey-R16-Timea_Babos-Sara_Errani,1,nonSnV2nd,15,6,0,0,2,2,0,1,0,1,58
20150314-W-Indian_Wells-R64-Sesil_Karatantcheva-Coco_Vandeweghe,2,SnV,3,1,0,0,1,0,0,0,0,0,9
20150314-W-Indian_Wells-R64-Sesil_Karatantcheva-Coco_Vandeweghe,2,SnV1st,3,1,0,0,1,0,0,0,0,0,9
20150314-W-Indian_Wells-R64-Sesil_Karatantcheva-Coco_Vandeweghe,2,nonSnV,42,30,2,3,11,0,3,1,0,1,146
20150314-W-Indian_Wells-R64-Sesil_Karatantcheva-Coco_Vandeweghe,2,nonSnV1st,29,21,2,2,9,0,1,0,0,1,93
20150314-W-Indian_Wells-R64-Sesil_Karatantcheva-Coco_Vandeweghe,2,nonSnV2nd,13,9,0,1,2,0,2,1,0,0,53
20150307-W-Monterrey-SF-Caroline_Garcia-Ana_Ivanovic,2,SnV,1,1,0,0,0,0,1,0,0,0,3
20150307-W-Monterrey-SF-Caroline_Garcia-Ana_Ivanovic,2,SnV1st,1,1,0,0,0,0,1,0,0,0,3
20150307-W-Monterrey-SF-Caroline_Garcia-Ana_Ivanovic,2,nonSnV,39,23,2,3,3,2,0,1,2,0,145
20150307-W-Monterrey-SF-Caroline_Garcia-Ana_Ivanovic,2,nonSnV1st,27,18,2,3,2,2,0,0,1,0,98
20150307-W-Monterrey-SF-Caroline_Garcia-Ana_Ivanovic,2,nonSnV2nd,12,5,0,0,1,0,0,1,1,0,47
20150313-W-Indian_Wells-R64-Daria_Gavrilova-Simona_Halep,1,SnV,1,0,0,0,0,0,0,0,1,0,4
20150313-W-Indian_Wells-R64-Daria_Gavrilova-Simona_Halep,1,SnV1st,1,0,0,0,0,0,0,0,1,0,4
20150313-W-Indian_Wells-R64-Daria_Gavrilova-Simona_Halep,1,nonSnV,76,42,2,0,14,2,1,2,2,0,298
20150313-W-Indian_Wells-R64-Daria_Gavrilova-Simona_Halep,1,nonSnV1st,49,27,2,0,9,1,0,2,2,0,181
20150313-W-Indian_Wells-R64-Daria_Gavrilova-Simona_Halep,1,nonSnV2nd,27,15,0,0,5,1,1,0,0,0,117
20150315-W-Indian_Wells-R32-Simona_Halep-Varvara_Lepchenko,1,SnV,1,1,0,0,0,1,0,0,0,0,5
20150315-W-Indian_Wells-R32-Simona_Halep-Varvara_Lepchenko,1,SnV1st,1,1,0,0,0,1,0,0,0,0,5
20150315-W-Indian_Wells-R32-Simona_Halep-Varvara_Lepchenko,1,nonSnV,88,57,1,0,11,2,0,0,0,0,405
20150315-W-Indian_Wells-R32-Simona_Halep-Varvara_Lepchenko,1,nonSnV1st,51,32,1,0,9,2,0,0,0,0,236
20150315-W-Indian_Wells-R32-Simona_Halep-Varvara_Lepchenko,1,nonSnV2nd,37,25,0,0,2,0,0,0,0,0,169
20150314-W-Indian_Wells-R64-Kirsten_Flipkens-Victoria_Azarenka,1,SnV,2,2,0,0,0,2,0,0,0,0,6
20150314-W-Indian_Wells-R64-Kirsten_Flipkens-Victoria_Azarenka,1,SnV1st,2,2,0,0,0,2,0,0,0,0,6
20150314-W-Indian_Wells-R64-Kirsten_Flipkens-Victoria_Azarenka,1,nonSnV,65,29,5,2,8,2,0,1,2,3,243
20150314-W-Indian_Wells-R64-Kirsten_Flipkens-Victoria_Azarenka,1,nonSnV1st,38,20,5,2,5,2,0,1,2,3,154
20150314-W-Indian_Wells-R64-Kirsten_Flipkens-Victoria_Azarenka,1,nonSnV2nd,27,9,0,0,3,0,0,0,0,0,89
20150322-W-Indian_Wells-F-Simona_Halep-Jelena_Jankovic,2,SnV,1,1,0,0,1,0,0,0,0,0,1
20150322-W-Indian_Wells-F-Simona_Halep-Jelena_Jankovic,2,SnV1st,1,1,0,0,1,0,0,0,0,0,1
20150322-W-Indian_Wells-F-Simona_Halep-Jelena_Jankovic,2,nonSnV,83,43,2,1,9,7,2,0,6,1,565
20150322-W-Indian_Wells-F-Simona_Halep-Jelena_Jankovic,2,nonSnV1st,53,30,2,1,7,5,2,0,3,0,340
20150322-W-Indian_Wells-F-Simona_Halep-Jelena_Jankovic,2,nonSnV2nd,30,13,0,0,2,2,0,0,3,1,225
20150316-W-Indian_Wells-R32-Eugenie_Bouchard-Coco_Vandeweghe,2,SnV,3,2,0,0,0,1,0,0,0,0,8
20150316-W-Indian_Wells-R32-Eugenie_Bouchard-Coco_Vandeweghe,2,SnV1st,2,2,0,0,0,1,0,0,0,0,6
20150316-W-Indian_Wells-R32-Eugenie_Bouchard-Coco_Vandeweghe,2,SnV2nd,1,0,0,0,0,0,0,0,0,0,2
20150316-W-Indian_Wells-R32-Eugenie_Bouchard-Coco_Vandeweghe,2,nonSnV,38,23,3,3,4,4,0,0,2,0,117
20150316-W-Indian_Wells-R32-Eugenie_Bouchard-Coco_Vandeweghe,2,nonSnV1st,22,12,3,3,3,1,0,0,2,0,70
20150316-W-Indian_Wells-R32-Eugenie_Bouchard-Coco_Vandeweghe,2,nonSnV2nd,16,11,0,0,1,3,0,0,0,0,47
20150330-W-Miami-R16-Agnieszka_Radwanska-Carla_Suarez_Navarro,1,SnV,4,3,0,0,2,1,0,0,0,1,9
20150330-W-Miami-R16-Agnieszka_Radwanska-Carla_Suarez_Navarro,1,SnV1st,4,3,0,0,2,1,0,0,0,1,9
20150330-W-Miami-R16-Agnieszka_Radwanska-Carla_Suarez_Navarro,1,nonSnV,85,40,3,1,6,6,3,1,8,2,496
20150330-W-Miami-R16-Agnieszka_Radwanska-Carla_Suarez_Navarro,1,nonSnV1st,54,34,3,1,6,6,3,1,5,1,308
20150330-W-Miami-R16-Agnieszka_Radwanska-Carla_Suarez_Navarro,1,nonSnV2nd,31,6,0,0,0,0,0,0,3,1,188
20150408-W-Charleston-R32-Kateryna_Bondarenko-Madison_Keys,2,SnV,1,1,0,0,0,1,0,0,0,0,3
20150408-W-Charleston-R32-Kateryna_Bondarenko-Madison_Keys,2,SnV1st,1,1,0,0,0,1,0,0,0,0,3
20150408-W-Charleston-R32-Kateryna_Bondarenko-Madison_Keys,2,nonSnV,39,30,5,6,7,1,0,0,0,0,100
20150408-W-Charleston-R32-Kateryna_Bondarenko-Madison_Keys,2,nonSnV1st,25,22,5,6,6,0,0,0,0,0,48
20150408-W-Charleston-R32-Kateryna_Bondarenko-Madison_Keys,2,nonSnV2nd,14,8,0,0,1,1,0,0,0,0,52
20150105-W-Brisbane-R32-Elina_Svitolina-Magdalena_Rybarikova,2,SnV,4,1,0,0,0,0,1,3,0,0,9
20150105-W-Brisbane-R32-Elina_Svitolina-Magdalena_Rybarikova,2,SnV1st,4,1,0,0,0,0,1,3,0,0,9
20150105-W-Brisbane-R32-Elina_Svitolina-Magdalena_Rybarikova,2,nonSnV,52,26,3,2,3,3,1,1,3,0,206
20150105-W-Brisbane-R32-Elina_Svitolina-Magdalena_Rybarikova,2,nonSnV1st,27,17,3,2,3,1,1,0,3,0,97
20150105-W-Brisbane-R32-Elina_Svitolina-Magdalena_Rybarikova,2,nonSnV2nd,25,9,0,0,0,2,0,1,0,0,109
