match_id,Player 1,Player 2,Pl 1 hand,Pl 2 hand,Gender,Date,Tournament,Round,Time,Court,Surface,Umpire,Best of,Final TB?,Charted by
20150410-W-Charleston-QF-Andrea_Petkovic-Danka_Kovinic,Andrea Petkovic,Danka Kovinic,R,R,W,20150410,Charleston,QF,,,Clay,,3,1,jeffsackmann
20150409-W-Katowice-R16-Kaia_Kanepi-Elizaveta_Kulichkova,Kaia Kanepi,Elizaveta Kulichkova,R,R,W,20150409,Katowice,R16,,,Hard,,3,1,jeffsackmann
20150409-W-Charleston-R16-Sara_Errani-Sara_Sorribes_Tormo,Sara Errani,Sara Sorribes Tormo,R,R,W,20150409,Charleston,R16,,Althea Gibson,Clay,,3,1,jeffsackmann
20150409-W-Charleston-R16-Cristina_Andreea_Mitu-Madison_Keys,Cristina Andreea Mitu,Madison Keys,R,R,W,20150409,Charleston,R16,,Stadium,Clay,,3,1,jeffsackmann
20150409-W-Charleston-QF-Lauren_Davis-Madison_Keys,Lauren Davis,Madison Keys,R,R,W,20150409,Charleston,QF,,,Clay,Julie Kjendlie,3,1,Amy
20150408-W-Charleston-R32-Kateryna_Bondarenko-Madison_Keys,Kateryna Bondarenko,Madison Keys,R,R,W,20150408,Charleston,R32,,,Clay,Kader Nouni,3,1,Amy
20150408-W-Charleston-R32-Eugenie_Bouchard-Lauren_Davis,Eugenie Bouchard,Lauren Davis,R,R,W,20150408,Charleston,R32,,Stadium,Clay,,3,1,Martin
20150407-W-Katowice-R32-An_Sophie_Mestach-Magdalena_Frech,An Sophie Mestach,Magdalena Frech,R,R,W,20150407,Katowice,R32,,,Hard,,3,1,jeffsackmann
20150406-W-Charleston-R64-Danka_Kovinic-Christina_Mchale,Danka Kovinic,Christina Mchale,R,R,W,20150406,Charleston,R64,,,Clay,,3,1,jeffsackmann
20150404-W-Miami-F-Serena_Williams-Carla_Suarez_Navarro,Serena Williams,Carla Suarez Navarro,R,R,W,20150404,Miami,F,1:15 PM,Stadium,Hard,,3,1,Lowell
20150402-W-Miami-SF-Serena_Williams-Simona_Halep,Serena Williams,Simona Halep,R,R,W,20150402,Miami,SF,,Stadium,Hard,Kader Nouni,3,1,jeffsackmann
20150402-W-Miami-SF-Andrea_Petkovic-Carla_Suarez_Navarro,Andrea Petkovic,Carla Suarez Navarro,R,R,W,20150402,Miami,SF,,Stadium,Hard,Zhang Juan,3,1,BK
20150401-W-Miami-QF-Simona_Halep-Sloane_Stephens,Simona Halep,Sloane Stephens,R,R,W,20150401,Miami,QF,,Stadium,Hard,,3,1,jeffsackmann
20150330-W-Miami-R16-Simona_Halep-Flavia_Pennetta,Simona Halep,Flavia Pennetta,R,R,W,20150330,Miami,R16,,Stadium,Hard,Kader Nouni,3,1,jeffsackmann
20150330-W-Miami-R16-Agnieszka_Radwanska-Carla_Suarez_Navarro,Agnieszka Radwanska,Carla Suarez Navarro,R,R,W,20150330,Miami,R16,11:00 AM,1,Hard,,3,1,BK
20150329-W-Miami-R32-Camila_Giorgi-Simona_Halep,Camila Giorgi,Simona Halep,R,R,W,20150329,Miami,R32,,,Hard,,3,1,jeffsackmann
20150328-W-Miami-R32-Paula_Badosa-Karolina_Pliskova,Paula Badosa,Karolina Pliskova,R,R,W,20150328,Miami,R32,,1,Hard,,3,1,pavel
20150327-W-Miami-R64-Nicole_Vaidisova-Simona_Halep,Nicole Vaidisova,Simona Halep,R,R,W,20150327,Miami,R64,,,Hard,,3,1,jeffsackmann
20150322-W-Indian_Wells-F-Simona_Halep-Jelena_Jankovic,Simona Halep,Jelena Jankovic,R,R,W,20150322,Indian Wells,F,11:00 AM,Stadium 1,Hard,Zhang Juan,3,1,jeffsackmann
20150320-W-Indian_Wells-SF-Sabine_Lisicki-Jelena_Jankovic,Sabine Lisicki,Jelena Jankovic,R,R,W,20150320,Indian Wells,SF,7:00 PM,Stadium 1,Hard,,3,1,Lowell
20150318-W-Indian_Wells-QF-Carla_Suarez_Navarro-Simona_Halep,Carla Suarez Navarro,Simona Halep,R,R,W,20150318,Indian Wells,QF,,Stadium 1,Hard,Eva Asderaki,3,1,jeffsackmann
20150317-W-Indian_Wells-R16-Timea_Bacsinszky-Elina_Svitolina,Timea Bacsinszky,Elina Svitolina,R,R,W,20150317,Indian Wells,R16,5:10 PM,Stadium 3,Hard,,3,1,Lowell
20150317-W-Indian_Wells-R16-Karolina_Pliskova-Simona_Halep,Karolina Pliskova,Simona Halep,R,R,W,20150317,Indian Wells,R16,,Stadium 3,Hard,,3,1,jeffsackmann
20150316-W-Indian_Wells-R32-Eugenie_Bouchard-Coco_Vandeweghe,Eugenie Bouchard,Coco Vandeweghe,R,R,W,20150316,Indian Wells,R32,11:10 PM,Stadium 1,Hard,,3,1,Lowell
20150316-W-Indian_Wells-R32-Eugenie_Bouchard-Coco_Vandeweghe,Eugenie Bouchard,Coco Vandeweghe,R,R,W,20150316,Indian Wells,R32,,,Hard,,3,1,Edged
20150316-W-Indian_Wells-R32-Caroline_Wozniacki-Belinda_Bencic,Caroline Wozniacki,Belinda Bencic,R,R,W,20150316,Indian Wells,R32,1:30 PM,Stadium 3,Hard,Juan Zhang,3,1,Lowell
20150316-W-Indian_Wells-QF-Serena_Williams-Timea_Bacsinszky,Serena Williams,Timea Bacsinszky,R,R,W,20150316,Indian Wells,QF,,Stadium 1,Hard,Felix Torralba,3,1,jeffsackmann
20150315-W-Indian_Wells-R32-Simona_Halep-Varvara_Lepchenko,Simona Halep,Varvara Lepchenko,R,L,W,20150315,Indian Wells,R32,,,Hard,,3,1,jeffsackmann
20150315-W-Indian_Wells-R32-Agnieszka_Radwanska-Heather_Watson,Agnieszka Radwanska,Heather Watson,R,R,W,20150315,Indian Wells,R32,,,Hard,,3,1,BK
20150314-W-Indian_Wells-R64-Sesil_Karatantcheva-Coco_Vandeweghe,Sesil Karatantcheva,Coco Vandeweghe,R,R,W,20150314,Indian Wells,R64,,Stadium 2,Hard,,3,1,jeffsackmann
20150314-W-Indian_Wells-R64-Madison_Brengle-Flavia_Pennetta,Madison Brengle,Flavia Pennetta,R,R,W,20150314,Indian Wells,R64,11:10 PM,Stadium 1,Hard,,3,1,Lowell
20150314-W-Indian_Wells-R64-Kirsten_Flipkens-Victoria_Azarenka,Kirsten Flipkens,Victoria Azarenka,R,R,W,20150314,Indian Wells,R64,,,Hard,,3,1,Amy
20150314-W-Indian_Wells-R64-Caroline_Wozniacki-Ons_Jabeur,Caroline Wozniacki,Ons Jabeur,R,R,W,20150314,Indian Wells,R64,,,Hard,,3,1,jeffsackmann
20150314-W-Indian_Wells-R64-Ana_Ivanovic-Yulia_Putintseva,Ana Ivanovic,Yulia Putintseva,R,R,W,20150314,Indian Wells,R64,,Stadium 4,Hard,,3,1,Lowell
20150313-W-Indian_Wells-R64-Sachia_Vickery-Varvara_Lepchenko,Sachia Vickery,Varvara Lepchenko,R,L,W,20150313,Indian Wells,R64,,,Hard,,3,1,jeffsackmann
20150313-W-Indian_Wells-R64-Daria_Gavrilova-Simona_Halep,Daria Gavrilova,Simona Halep,R,R,W,20150313,Indian Wells,R64,,Stadium 3,Hard,,3,1,jeffsackmann
20150313-W-Indian_Wells-R64-Agnieszka_Radwanska-Alison_Riske,Agnieszka Radwanska,Alison Riske,R,R,W,20150313,Indian Wells,R64,11:10 AM,Stadium 1,Hard,,3,1,Lowell
20150312-W-Indian_Wells-R128-Anna_Karolina_Schmiedlova-Lauren_Davis,Anna Karolina Schmiedlova,Lauren Davis,R,R,W,20150312,Indian Wells,R128,,Stadium 4,Hard,,3,1,jeffsackmann
20150311-W-Indian_Wells-R128-Sloane_Stephens-Chanelle_Scheepers,Sloane Stephens,Chanelle Scheepers,R,R,W,20150311,Indian Wells,R128,,Stadium 1,Hard,,3,1,Isaac
20150311-W-Indian_Wells-R128-Monica_Puig-Nicole_Gibbs,Monica Puig,Nicole Gibbs,R,R,W,20150311,Indian Wells,R128,,,Hard,,3,1,Martin
20150311-W-Indian_Wells-R128-Louisa_Chirico-Donna_Vekic,Louisa Chirico,Donna Vekic,R,R,W,20150311,Indian Wells,R128,,Stadium 2,Hard,Paula Vieira,3,1,jeffsackmann
20150311-W-Indian_Wells-R128-Ajla_Tomljanovic-Irina_Falconi,Ajla Tomljanovic,Irina Falconi,R,R,W,20150311,Indian Wells,R128,,Stadium 1,Hard,,3,1,jeffsackmann
20150307-W-Monterrey-SF-Caroline_Garcia-Ana_Ivanovic,Caroline Garcia,Ana Ivanovic,R,R,W,20150307,Monterrey,SF,7:23 PM,Cancha Centrale,Hard,,3,1,Lowell
20150307-W-Kuala_Lumpur-SF-Caroline_Wozniacki-Su_Wei_Hsieh,Caroline Wozniacki,Su Wei Hsieh,R,R,W,20150307,Kuala Lumpur,SF,,,Hard,,3,1,jeffsackmann
20150304-W-Monterrey-R16-Timea_Babos-Sara_Errani,Timea Babos,Sara Errani,R,R,W,20150304,Monterrey,R16,,,Hard,Felix Torralba,3,1,jeffsackmann
20150228-W-Doha-F-Victoria_Azarenka-Lucie_Safarova,Victoria Azarenka,Lucie Safarova,R,L,W,20150228,Doha,F,,,Hard,,3,1,pavel
20150227-W-Doha-SF-Lucie_Safarova-Carla_Suarez_Navarro,Lucie Safarova,Carla Suarez Navarro,L,R,W,20150227,Doha,SF,,,Hard,,3,1,pavel
20150223-W-Doha-R32-Victoria_Azarenka-Angelique_Kerber,Victoria Azarenka,Angelique Kerber,R,L,W,20150223,Doha,R32,6:00 PM,,Hard,,3,1,Lowell
20150221-W-Dubai-F-Karolina_Pliskova-Simona_Halep,Karolina Pliskova,Simona Halep,R,R,W,20150221,Dubai,F,,,Hard,,3,1,jeffsackmann
20150220-W-ITF_Altenkirchen-QF-Ana_Vrljic-Oceane_Dodin,Ana Vrljic,Oceane Dodin,R,R,W,20150220,ITF Altenkirchen,QF,1:30 PM,Court 3,Hard,,3,1,Lowell
20150220-W-Dubai-SF-Garbine_Muguruza-Karolina_Pliskova,Garbine Muguruza,Karolina Pliskova,R,R,W,20150220,Dubai,SF,5:10 PM,,Hard,Mohammed Lahyani,3,1,Lowell
20150220-W-Dubai-SF-Caroline_Wozniacki-Simona_Halep,Caroline Wozniacki,Simona Halep,R,R,W,20150220,Dubai,SF,,,Hard,Kader Nouni,3,1,jeffsackmann
20150219-W-Dubai-QF-Simona_Halep-Ekaterina_Makarova,Simona Halep,Ekaterina Makarova,R,L,W,20150219,Dubai,QF,,,Hard,,3,1,jeffsackmann
20150219-W-Dubai-QF-Lucie_Safarova-Karolina_Pliskova,Lucie Safarova,Karolina Pliskova,L,R,W,20150219,Dubai,QF,1:10 PM,Centre,Hard,,3,1,Lowell
20150218-W-Dubai-R16-Simona_Halep-Tsvetana_Pironkova,Simona Halep,Tsvetana Pironkova,R,R,W,20150218,Dubai,R16,,,Hard,Eva Asderaki,3,1,jeffsackmann
20150217-W-Dubai-R32-Elina_Svitolina-Petra_Kvitova,Elina Svitolina,Petra Kvitova,R,L,W,20150217,Dubai,R32,7:10 PM,Centre,Hard,,3,1,Lowell
20150217-W-Dubai-R32-Daniela_Hantuchova-Simona_Halep,Daniela Hantuchova,Simona Halep,R,R,W,20150217,Dubai,R32,,,Hard,,3,1,jeffsackmann
20150216-W-Dubai-R64-Kateryna_Kozlova-Heather_Watson,Kateryna Kozlova,Heather Watson,R,R,W,20150216,Dubai,R64,,,Hard,Kader Nouni,3,1,jeffsackmann
20150216-W-Dubai-R64-Jarmila_Gajdosova-Garbine_Muguruza,Jarmila Gajdosova,Garbine Muguruza,R,R,W,20150216,Dubai,R64,,,Hard,,3,1,Amy
20150216-W-Dubai-R32-Caroline_Wozniacki-Samantha_Stosur,Caroline Wozniacki,Samantha Stosur,R,R,W,20150216,Dubai,R32,,,Hard,Mohamed Lahyani,3,1,Amy
20150213-W-Antwerp-QF-Mona_Barthel-Barbora_Zahlavova_Strycova,Mona Barthel,Barbora Zahlavova Strycova,R,R,W,20150213,Antwerp,QF,,,Hard,,3,1,Amy
20150213-W-Antwerp-QF-Dominika_Cibulkova-Andrea_Petkovic,Dominika Cibulkova,Andrea Petkovic,R,R,W,20150213,Antwerp,QF,,,Hard,Kader Nouni,3,1,jeffsackmann
20150212-W-Antwerp-R16-Kristina_Mladenovic-Lucie_Safarova,Kristina Mladenovic,Lucie Safarova,R,L,W,20150212,Antwerp,R16,,,Hard,,3,1,Lowell
20150210-W-Antwerp-R32-Alize_Cornet-Belinda_Bencic,Alize Cornet,Belinda Bencic,R,R,W,20150210,Antwerp,R32,,Sportpaleis,Hard,,3,1,Lowell
20150209-W-Antwerp-Q3-Klaartje_Liebens-Ysaline_Bonaventure,Klaartje Liebens,Ysaline Bonaventure,R,L,W,20150209,Antwerp,Q3,,,Hard,,3,1,jeffsackmann
20150209-W-Antwerp-Q3-Kateryna_Bondarenko-Dinah_Pfizenmaier,Kateryna Bondarenko,Dinah Pfizenmaier,R,R,W,20150209,Antwerp,Q3,,,Hard,,3,1,jeffsackmann
20150207-W-ITF_Midland-SF-Tatjana_Maria-Nicole_Vaidisova,Tatjana Maria,Nicole Vaidisova,R,R,W,20150207,ITF Midland,SF,,,Hard,,3,1,jeffsackmann
20150207-W-ITF_Midland-SF-Louisa_Chirico-Katerina_Vankova,Louisa Chirico,Katerina Vankova,R,L,W,20150207,ITF Midland,SF,6:00 PM,Stadium,Hard,,3,1,Lowell
20150203-W-Midland_100K-R32-Louisa_Chirico-Maria_Sakkari,Louisa Chirico,Maria Sakkari,R,R,W,20150203,Midland 100K,R32,,Stadium,Hard,,3,1,Lowell
20150131-W-Australian_Open-F-Maria_Sharapova-Serena_Williams,Maria Sharapova,Serena Williams,R,R,W,20150131,Australian Open,F,7:45 PM,Rod Laver Arena,Hard,Alison Hughes,3,1,Lowell
20150129-W-Australian_Open-SF-Serena_Williams-Madison_Keys,Serena Williams,Madison Keys,R,R,W,20150129,Australian Open,SF,,Laver,Hard,,3,1,jeffsackmann
20150129-W-Australian_Open-SF-Maria_Sharapova-Ekaterina_Makarova,Maria Sharapova,Ekaterina Makarova,R,L,W,20150129,Australian Open,SF,1:40 PM,Rod Laver Arena,Hard,,3,0,Lowell
20150127-W-Australian_Open-QF-Venus_Williams-Madison_Keys,Venus Williams,Madison Keys,R,R,W,20150127,Australian Open,QF,,Laver,Hard,,3,1,jeffsackmann
20150127-W-Australian_Open-QF-Simona_Halep-Ekaterina_Makarova,Simona Halep,Ekaterina Makarova,R,L,W,20150127,Australian Open,QF,,Laver,Hard,Zhang Juan,3,1,jeffsackmann
20150127-W-Australian_Open-QF-Eugenie_Bouchard-Maria_Sharapova,Eugenie Bouchard,Maria Sharapova,R,R,W,20150127,Australian Open,QF,12:45 PM,Rod Laver Arena,Hard,,3,0,Lowell
20150126-W-Australian_Open-R16-Dominika_Cibulkova-Victoria_Azarenka,Dominika Cibulkova,Victoria Azarenka,R,R,W,20150126,Australian Open,R16,,Laver,Hard,Felix Torralba,3,1,jeffsackmann
20150125-W-Australian_Open-R16-Yanina_Wickmayer-Simona_Halep,Yanina Wickmayer,Simona Halep,R,R,W,20150125,Australian Open,R16,,Laver,Hard,,3,1,jeffsackmann
20150125-W-Australian_Open-R16-Julia_Goerges-Ekaterina_Makarova,Julia Goerges,Ekaterina Makarova,R,L,W,20150125,Australian Open,R16,,MCA,Hard,,3,1,jeffsackmann
20150125-W-Australian_Open-R16-Eugenie_Bouchard-Irina_Camelia_Begu,Eugenie Bouchard,Irina Camelia Begu,R,R,W,20150125,Australian Open,R16,,Rod Laver Arena,Hard,,3,0,Lowell
20150124-W-Australian_Open-R32-Petra_Kvitova-Madison_Keys,Petra Kvitova,Madison Keys,L,R,W,20150124,Australian Open,R32,9:50 PM,Rod Laver Arena,Hard,Julie Kjendle,3,0,Lowell
20150123-W-Australian_Open-R32-Karolina_Pliskova-Ekaterina_Makarova,Karolina Pliskova,Ekaterina Makarova,R,L,W,20150123,Australian Open,R32,,MCA,Hard,,3,1,jeffsackmann
20150123-W-Australian_Open-R32-Bethanie_Mattek_Sands-Simona_Halep,Bethanie Mattek Sands,Simona Halep,R,R,W,20150123,Australian Open,R32,,MCA,Hard,,3,1,jeffsackmann
20150122-W-Australian_Open-R64-Serena_Williams-Vera_Zvonareva,Serena Williams,Vera Zvonareva,R,R,W,20150122,Australian Open,R64,,Laver,Hard,,3,1,jeffsackmann
20150122-W-Australian_Open-R64-Samantha_Stosur-Coco_Vandeweghe,Samantha Stosur,Coco Vandeweghe,R,R,W,20150122,Australian Open,R64,10:30 PM,Rod Laver Arena,Hard,,3,0,Lowell
20150122-W-Australian_Open-R64-Daniela_Hantuchova-Garbine_Muguruza,Daniela Hantuchova,Garbine Muguruza,R,R,W,20150122,Australian Open,R64,11:00 AM,Court 6,Hard,,3,1,Lowell
20150122-W-Australian_Open-R64-Caroline_Wozniacki-Victoria_Azarenka,Caroline Wozniacki,Victoria Azarenka,R,R,W,20150122,Australian Open,R64,,MCA,Hard,Fergus Murphy,3,1,jeffsackmann
20150121-W-Australian_Open-R64-Jarmila_Gajdosova-Simona_Halep,Jarmila Gajdosova,Simona Halep,R,R,W,20150121,Australian Open,R64,,Laver,Hard,,3,1,jeffsackmann
20150120-W-Australian_Open-R128-Serena_Williams-Alison_Van_Uytvanck,Serena Williams,Alison Van Uytvanck,R,R,W,20150120,Australian Open,R128,,MCA,Hard,,3,1,jeffsackmann
20150120-W-Australian_Open-R128-Petra_Kvitova-Richel_Hogenkamp,Petra Kvitova,Richel Hogenkamp,L,R,W,20150120,Australian Open,R128,,Hisense,Hard,,3,1,jeffsackmann
20150120-W-Australian_Open-R128-Andrea_Petkovic-Madison_Brengle,Andrea Petkovic,Madison Brengle,R,R,W,20150120,Australian Open,R128,,Court 6,Hard,,3,1,Lowell
20150120-W-Australian_Open-R128-Agnieszka_Radwanska-Kurumi_Nara,Agnieszka Radwanska,Kurumi Nara,R,R,W,20150120,Australian Open,R128,6:13 PM,Show Court 2,Hard,,3,0,Lowell
20150119-W-Australian_Open-R128-Monica_Puig-Arina_Rodionova,Monica Puig,Arina Rodionova,R,R,W,20150119,Australian Open,R128,,Show Court 2,Hard,,3,0,Lowell
20150119-W-Australian_Open-R128-Magdalena_Rybarikova-Ana_Konjuh,Magdalena Rybarikova,Ana Konjuh,R,R,W,20150119,Australian Open,R128,11:15 AM,Court 10,Hard,,3,0,Lowell
20150119-W-Australian_Open-R128-Karolina_Pliskova-Evgeniya_Rodina,Karolina Pliskova,Evgeniya Rodina,R,R,W,20150119,Australian Open,R128,,15,Hard,,3,1,jeffsackmann
20150119-W-Australian_Open-R128-Karin_Knapp-Simona_Halep,Karin Knapp,Simona Halep,R,R,W,20150119,Australian Open,R128,,Laver,Hard,,3,1,jeffsackmann
20150119-W-Australian_Open-R128-Julia_Goerges-Belinda_Bencic,Julia Goerges,Belinda Bencic,R,R,W,20150119,Australian Open,R128,11:00 AM,Hisense Arena,Hard,,3,0,Lowell
20150119-W-Australian_Open-R128-Carina_Witthoeft-Carla_Suarez_Navarro,Carina Witthoeft,Carla Suarez Navarro,R,R,W,20150119,Australian Open,R128,,Court 11,Hard,,3,1,Lowell
20150119-W-Australian_Open-R128-Ana_Ivanovic-Lucie_Hradecka,Ana Ivanovic,Lucie Hradecka,R,R,W,20150119,Australian Open,R128,,Laver,Hard,,3,1,jeffsackmann
20150116-W-Australian_Open-Q2-Misaki_Doi-Olga_Govortsova,Misaki Doi,Olga Govortsova,L,R,W,20150116,Australian Open,Q2,,Show Court 3,Hard,,3,1,jeffsackmann
20150113-W-Sydney-R16-Agnieszka_Radwanska-Garbine_Muguruza,Agnieszka Radwanska,Garbine Muguruza,R,R,W,20150113,Sydney,R16,,Grand Stand,Hard,Maria Cicak,3,1,Lowell
20150110-W-Shenzhen-F-Timea_Bacsinszky-Simona_Halep,Timea Bacsinszky,Simona Halep,R,R,W,20150110,Shenzhen,F,,,Hard,Juan Zhang,3,1,jeffsackmann
20150109-W-Shenzhen-SF-Simona_Halep-Saisai_Zheng,Simona Halep,Saisai Zheng,R,R,W,20150109,Shenzhen,SF,,,Hard,,3,1,jeffsackmann
20150109-W-Brisbane-SF-Maria_Sharapova-Elina_Svitolina,Maria Sharapova,Elina Svitolina,R,R,W,20150109,Brisbane,SF,,Pat Rafter Arena,Hard,,3,1,Lowell
20150108-W-Shenzhen-R16-Natalia_Vikhlyantseva-Simona_Halep,Natalia Vikhlyantseva,Simona Halep,R,R,W,20150108,Shenzhen,R16,,,Hard,,3,1,jeffsackmann
20150108-W-Shenzhen-QF-Tereza_Smitkova-Petra_Kvitova,Tereza Smitkova,Petra Kvitova,R,L,W,20150108,Shenzhen,QF,,,Hard,,3,1,Lowell
20150108-W-Shenzhen-QF-Simona_Halep-Aleksandra_Krunic,Simona Halep,Aleksandra Krunic,R,R,W,20150108,Shenzhen,QF,,,Hard,,3,1,jeffsackmann
20150108-W-Brisbane-QF-Elina_Svitolina-Angelique_Kerber,Elina Svitolina,Angelique Kerber,R,L,W,20150108,Brisbane,QF,11:00 AM,Pat Rafter Arena,Hard,Felix Torralba,3,1,Lowell
20150108-W-Auckland-QF-Lauren_Davis-Urszula_Radwanska,Lauren Davis,Urszula Radwanska,R,R,W,20150108,Auckland,QF,,,Hard,,3,1,jeffsackmann
20150107-W-Brisbane-R16-Ana_Ivanovic-Jarmila_Gajdosova,Ana Ivanovic,Jarmila Gajdosova,R,R,W,20150107,Brisbane,R16,11:51,,Hard ,,3,1,Backstop5
20150107-W-Auckland-R16-Caroline_Wozniacki-Taylor_Townsend,Caroline Wozniacki,Taylor Townsend,R,L,W,20150107,Auckland,R16,,,Hard,Blake Trifunovski,3,1,Amy
20150106-W-Auckland-R32-Caroline_Wozniacki-Julia_Glushko,Caroline Wozniacki,Julia Glushko,R,R,W,20150106,Auckland,R32,,,Hard,Paula Vieira Souza,3,1,jeffsackmann
20150105-W-Brisbane-R32-Sabine_Lisicki-Yaroslava_Shvedova,Sabine Lisicki,Yaroslava Shvedova,R,R,W,20150105,Brisbane,R32,,,Hard,Eva Asderaki,3,1,Amy
20150105-W-Brisbane-R32-Elina_Svitolina-Magdalena_Rybarikova,Elina Svitolina,Magdalena Rybarikova,R,R,W,20150105,Brisbane,R32,,Court 1,Hard,,3,1,Lowell
20150105-W-Brisbane-R32-Dominika_Cibulkova-Madison_Keys,Dominika Cibulkova,Madison Keys,R,R,W,20150105,Brisbane,R32,,,Hard,Felix Torralba,3,1,Amy
20150105-W-Brisbane-Q3-Daria_Gavrilova-Elizaveta_Kulichkova,Daria Gavrilova,Elizaveta Kulichkova,R,R,W,20150105,Brisbane,Q3,,1,Hard,,3,1,jeffsackmann
20150105-W-Auckland-R32-Daniela_Hantuchova-Sara_Errani,Daniela Hantuchova,Sara Errani,R,R,W,20150105,Auckland,R32,,Centre,Hard,Blaze Trifunovski,3,1,Lowell
20141107-W-Taipei-QF-Vitalia_Diatchenko-Luksika_Kumkhum,Vitalia Diatchenko,Luksika Kumkhum,R,R,W,20141107,Taipei,QF,,,Carpet,,3,1,Amy
20141107-W-Limoges-QF-Tereza_Smitkova-Lesia_Tsurenko,Tereza Smitkova,Lesia Tsurenko,R,R,W,20141107,Limoges,QF,,,Hard,,3,1,jeffsackmann
20141102-W-Sofia-F-Andrea_Petkovic-Flavia_Pennetta,Andrea Petkovic,Flavia Pennetta,R,R,W,20141102,Sofia,F,,,Hard,,3,1,jeffsackmann
20141101-W-Sofia-SF-Flavia_Pennetta-Carla_Suarez_Navarro,Flavia Pennetta,Carla Suarez Navarro,R,R,W,20141101,Sofia,SF,,Arena Armeec,Hard,,3,1,Lowell
20141101-W-Sofia-SF-Andrea_Petkovic-Garbine_Muguruza,Andrea Petkovic,Garbine Muguruza,R,R,W,20141101,Sofia,SF,,,Hard,,3,1,jeffsackmann
20141026-W-Singapore-F-Serena_Williams-Simona_Halep,Serena Williams,Simona Halep,R,R,W,20141026,Singapore,F,,,Hard,Marija Cicak,3,1,jeffsackmann
20141025-W-Singapore-SF-Agnieszka_Radwanska-Simona_Halep,Agnieszka Radwanska,Simona Halep,R,R,W,20141025,Singapore,SF,,,Hard,Eva Asderaki,3,1,jeffsackmann
20141024-W-Singapore-RR-Ana_Ivanovic-Simona_Halep,Ana Ivanovic,Simona Halep,R,R,W,20141024,Singapore,RR,,Singapore Indoor Stadium,Hard,Mariana Alves,3,1,Lowell
20141023-W-Singapore-RR-Petra_Kvitova-Maria_Sharapova,Petra Kvitova,Maria Sharapova,L,R,W,20141023,Singapore,RR,,,Hard,,3,1,Lowell
20141023-W-Singapore-RR-Caroline_Wozniacki-Petra_Kvitova,Caroline Wozniacki,Petra Kvitova,R,L,W,20141023,Singapore,RR,,,Hard,,3,1,Amy
20141023-W-Singapore-RR-Agnieszka_Radwanska-Caroline_Wozniacki,Agnieszka Radwanska,Caroline Wozniacki,R,R,W,20141023,Singapore,RR,,,Hard,Kader Nouni,3,1,Amy
20141022-W-Singapore-RR-Serena_Williams-Simona_Halep,Serena Williams,Simona Halep,R,R,W,20141022,Singapore,RR,,,Hard,Maria Cicak,3,1,jeffsackmann
20141022-W-Singapore-RR-Ana_Ivanovic-Eugenie_Bouchard,Ana Ivanovic,Eugenie Bouchard,R,R,W,20141022,Singapore,RR,7:40 PM,,Hard,Mariana Alves,3,1,Lowell
20141021-W-Singapore-RR-Caroline_Wozniacki-Maria_Sharapova,Caroline Wozniacki,Maria Sharapova,R,R,W,20141021,Singapore,RR,,,Hard,Eva Asderaki,3,1,Amy
20141020-W-Singapore-RR-Eugenie_Bouchard-Simona_Halep,Eugenie Bouchard,Simona Halep,R,R,W,20141020,Singapore,RR,,,Hard,Juan Zhang,3,1,jeffsackmann
20141020-W-Singapore-RR-Caroline_Wozniacki-Petra_Kvitova,Caroline Wozniacki,Petra Kvitova,R,L,W,20141020,Singapore,RR,,,Hard,,3,1,Isaac
20141020-W-Macon_GA_50K-QF-Irina_Falconi-Madison_Brengle,Irina Falconi,Madison Brengle,R,R,W,20141020,Macon GA 50K,QF,,,Hard,,3,1,Amy
20141018-W-Moscow-SF-Katerina_Siniakova-Anastasia_Pavlyuchenkova,Katerina Siniakova,Anastasia Pavlyuchenkova,R,R,W,20141018,Moscow,SF,,,Hard,,3,1,jeffsackmann
20141018-W-Luxembourg-F-Barbora_Zahlavova_Strycova-Annika_Beck,Barbora Zahlavova Strycova,Annika Beck,R,R,W,20141018,Luxembourg,F,,,Hard,,3,1,jeffsackmann
20141016-W-Luxembourg-R16-Denisa_Allertova-Sabine_Lisicki,Denisa Allertova,Sabine Lisicki,R,R,W,20141016,Luxembourg,R16,,,Hard,,3,1,jeffsackmann
20141015-W-Moscow-R16-Ekaterina_Makarova-Irina_Camelia_Begu,Ekaterina Makarova,Irina Camelia Begu,L,R,W,20141015,Moscow,R16,,,Hard,,3,1,jeffsackmann
20141012-W-Tianjin-F-Belinda_Bencic-Alison_Riske,Belinda Bencic,Alison Riske,R,R,W,20141012,Tianjin,F,,,Hard,,3,1,Lowell
20141011-W-Osaka-SF-Samantha_Stosur-Elina_Svitolina,Samantha Stosur,Elina Svitolina,R,R,W,20141011,Osaka,SF,,Centre,Hard,,3,1,Lowell
20141007-W-Linz-R32-Camila_Giorgi-Andrea_Petkovic,Camila Giorgi,Andrea Petkovic,R,R,W,20141007,Linz,R32,,Centre,Hard,,3,1,Lowell
20141006-W-Tianjin-SF-Alison_Riske-Saisai_Zheng,Alison Riske,Saisai Zheng,R,R,W,20141006,Tianjin,SF,,,Hard,,3,1,Amy
20141006-W-Linz-SF-Anna_Lena_Friedsam-Karolina_Pliskova,Anna Lena Friedsam,Karolina Pliskova,R,R,W,20141006,Linz,SF,,,Hard,Jorg Lang,3,1,Amy
20141003-W-Beijing-R16-Andrea_Petkovic-Simona_Halep,Andrea Petkovic,Simona Halep,R,R,W,20141003,Beijing,R16,,,Hard,Kader Nouni,3,1,jeffsackmann
20141001-W-Beijing-R32-Lin_Zhu-Simona_Halep,Lin Zhu,Simona Halep,R,R,W,20141001,Beijing,R32,,,Hard,Kader Nouni,3,1,jeffsackmann
20140929-W-Beijing-R64-Serena_Williams-Silvia_Soler_Espinosa,Serena Williams,Silvia Soler Espinosa,R,R,W,20140929,Beijing,R64,,,Hard,Kader Nouni,3,1,jeffsackmann
20140929-W-Beijing-R16-Barbora_Zahlavova_Strycova-Simona_Halep,Barbora Zahlavova Strycova,Simona Halep,R,R,W,20140929,Beijing,R16,,,Hard,,3,1,jeffsackmann
20140928-W-Beijing-R64-Agnieszka_Radwanska-Coco_Vandeweghe,Agnieszka Radwanska,Coco Vandeweghe,R,R,W,20140928,Beijing,R64,,,Hard,,3,1,Lowell
20140927-W-Wuhan-F-Petra_Kvitova-Eugenie_Bouchard,Petra Kvitova,Eugenie Bouchard,R,L,W,20140927,Wuhan,F,,Main,Hard,,3,1,Lowell
20140926-W-Wuhan-SF-Petra_Kvitova-Elina_Svitolina,Petra Kvitova,Elina Svitolina,L,R,W,20140926,Wuhan,SF,,Main,Hard,,3,1,Lowell
20140926-W-Wuhan-SF-Caroline_Wozniacki-Eugenie_Bouchard,Caroline Wozniacki,Eugenie Bouchard,R,R,W,20140926,Wuhan,SF,,Main,Hard,,3,1,Lowell
20140925-W-Wuhan-QF-Elina_Svitolina-Angelique_Kerber,Elina Svitolina,Angelique Kerber,R,L,W,20140925,Wuhan,QF,,Main,Hard,,3,1,Lowell
20140924-W-Wuhan-R32-Simona_Halep-Garbine_Muguruza,Simona Halep,Garbine Muguruza,R,R,W,20140924,Wuhan,R32,,,Hard,,3,1,jeffsackmann
20140924-W-Wuhan-R16-Eugenie_Bouchard-Alison_Riske,Eugenie Bouchard,Alison Riske,R,R,W,20140924,Wuhan,R16,,,Hard,,3,1,Lowell
20140919-W-Tokyo-QF-Ana_Ivanovic-Lucie_Safarova,Ana Ivanovic,Lucie Safarova,R,L,W,20140919,Tokyo,QF,,Center,Hard,,3,1,Lowell
20140918-W-Tokyo-R16-Garbine_Muguruza-Jelena_Jankovic,Garbine Muguruza,Jelena Jankovic,R,R,W,20140918,Tokyo,R16,,Center,Hard,,3,1,Lowell
20140918-W-Tokyo-R16-Caroline_Wozniacki-Jarmila_Gajdosova,Caroline Wozniacki,Jarmila Gajdosova,R,R,W,20140918,Tokyo,R16,,,Hard,,3,1,Amy
20140916-W-Tokyo-R32-Madison_Keys-Lucie_Safarova,Madison Keys,Lucie Safarova,R,L,W,20140916,Tokyo,R32,,Court 1,Hard,,3,1,Lowell
20140916-W-Tokyo-R32-Elina_Svitolina-Barbora_Zahlavova_Strycova,Elina Svitolina,Barbora Zahlavova Strycova,R,R,W,20140916,Tokyo,R32,,,Hard,,3,1,Lowell
20140915-W-Tokyo-R32-Svetlana_Kuznetsova-Belinda_Bencic,Svetlana Kuznetsova,Belinda Bencic,R,R,W,20140915,Tokyo,R32,,,Hard,,3,1,Lowell
20140909-W-Tashkent-R32-Jelena_Ostapenko-Shahar_Peer,Jelena Ostapenko,Shahar Peer,R,R,W,20140909,Tashkent,R32,,,Hard,,3,1,Lowell
20140908-W-Quebec_City-F-Mirjana_Lucic-Venus_Williams,Mirjana Lucic,Venus Williams,R,R,W,20140908,Quebec City,F,,,Hard,,3,1,Amy
20140907-W-US_Open-F-Serena_Williams-Caroline_Wozniacki,Serena Williams,Caroline Wozniacki,R,R,W,20140907,US Open,F,,Arthur Ashe Stadium,Hard,,3,1,Lowell
20140901-W-US_Open-R16-Eugenie_Bouchard-Ekaterina_Makarova,Eugenie Bouchard,Ekaterina Makarova,R,L,W,20140901,US Open,R16,,Louis Armstrong,Hard,Tamara Vrhovec,3,1,Lowell
20140831-W-US_Open-R16-Belinda_Bencic-Jelena_Jankovic,Belinda Bencic,Jelena Jankovic,R,R,W,20140831,US Open,R16,9:00 PM,Arthur Ashe Stadium,Hard,Leanne White,3,1,Lowell
20140828-W-US_Open-R64-Zarina_Diyas-Catherine_Cartan_Bellis,Zarina Diyas,Catherine Cartan Bellis,R,R,W,20140828,US Open,R64,,Court 17,Hard,Leanne White,3,1,Lowell
20140816-W-Cincinnati-SF-Ana_Ivanovic-Maria_Sharapova,Ana Ivanovic,Maria Sharapova,R,R,W,20140816,Cincinnati,SF,7:15 PM,Center,Hard,,3,1,Lowell
20140815-W-Cincinnati-QF-Maria_Sharapova-Simona_Halep,Maria Sharapova,Simona Halep,R,R,W,20140815,Cincinnati,QF,,,Hard,Mariana Alves,3,1,jeffsackmann
20140814-W-Cincinnati-R16-Lucie_Safarova-Simona_Halep,Lucie Safarova,Simona Halep,L,R,W,20140814,Cincinnati,R16,,,Hard,,3,1,jeffsackmann
20140813-W-Cincinnati-R32-Petra_Kvitova-Elina_Svitolina,Petra Kvitova,Elina Svitolina,L,R,W,20140813,Cincinnati,R32,,Grandstand,Hard,,3,1,Lowell
20140812-W-Cincinnati-R32-Maria_Sharapova-Madison_Keys,Maria Sharapova,Madison Keys,R,R,W,20140812,Cincinnati,R32,,Center,Hard,,3,1,Lowell
20140811-W-Cincinnati-R64-Alize_Cornet-Madison_Keys,Alize Cornet,Madison Keys,R,R,W,20140811,Cincinnati,R64,,Center,Hard,,3,1,Lowell
20140809-W-Montreal-SF-Serena_Williams-Venus_Williams,Serena Williams,Venus Williams,R,R,W,20140809,Montreal,SF,1:10 PM,,Hard,,3,1,Lowell
20140808-W-Montreal-QF-Agnieszka_Radwanska-Victoria_Azarenka,Agnieszka Radwanska,Victoria Azarenka,R,R,W,20140808,Montreal,QF,8:25 PM,Central,Hard,,3,1,Lowell
20140807-W-Montreal-R32-Ana_Ivanovic-Coco_Vandeweghe,Ana Ivanovic,Coco Vandeweghe,R,R,W,20140807,Montreal,R32,,,Hard,,3,1,Lowell
20140807-W-Montreal-R16-Heather_Watson-Victoria_Azarenka,Heather Watson,Victoria Azarenka,R,R,W,20140807,Montreal,R16,8:40 PM,,Hard,,3,1,Lowell
20140807-W-Montreal-R16-Caroline_Wozniacki-Shelby_Rogers,Caroline Wozniacki,Shelby Rogers,R,R,W,20140807,Montreal,R16,,BN,Hard,,3,1,Amy
20140806-W-Montreal-R32-Petra_Kvitova-Casey_Dellacqua,Petra Kvitova,Casey Dellacqua,L,L,W,20140806,Montreal,R32,,Central,Hard,,3,1,Amy
20140805-W-Montreal-R64-Ana_Ivanovic-Timea_Bacsinszky,Ana Ivanovic,Timea Bacsinszky,R,R,W,20140805,Montreal,R64,,,Hard,,3,1,jeffsackmann
20140805-W-Montreal-R32-Eugenie_Bouchard-Shelby_Rogers,Eugenie Bouchard,Shelby Rogers,R,R,W,20140805,Montreal,R32,,Centre,Hard,,3,1,Lowell
20140804-W-Montreal-R64-Sloane_Stephens-Aleksandra_Wozniak,Sloane Stephens,Aleksandra Wozniak,R,R,W,20140804,Montreal,R64,8:30 PM,Central,Hard,,3,1,Lowell
20140731-W-Stanford-R16-Venus_Williams-Victoria_Azarenka,Venus Williams,Victoria Azarenka,R,R,W,20140731,Stanford,R16,,Taub Stadium,Hard,,3,1,Lowell
20140729-W-Stanford-R32-Dominika_Cibulkova-Garbine_Muguruza,Dominika Cibulkova,Garbine Muguruza,R,R,W,20140729,Stanford,R32,,,Hard,,3,1,Lowell
20140726-W-Baku-SF-Stefanie_Voegele-Bojana_Jovanovski,Stefanie Voegele,Bojana Jovanovski,R,R,W,20140726,Baku,SF,,,Hard,,3,1,jeffsackmann
20140725-W-Baku-QF-Pauline_Parmentier-Elina_Svitolina,Pauline Parmentier,Elina Svitolina,R,R,W,20140725,Baku,QF,,,Hard,,3,1,jeffsackmann
20140719-W-Bastad-SF-Jana_Cepelova-Chanelle_Scheepers,Jana Cepelova,Chanelle Scheepers,R,R,W,20140719,Bastad,SF,,,Clay,,3,1,jeffsackmann
20140718-W-Istanbul-QF-Elina_Svitolina-Ana_Konjuh,Elina Svitolina,Ana Konjuh,R,R,W,20140718,Istanbul,QF,,,Hard,,3,1,jeffsackmann
20140718-W-Bastad-QF-Mona_Barthel-Kaia_Kanepi,Mona Barthel,Kaia Kanepi,R,R,W,20140718,Bastad,QF,,,Clay,,3,1,jeffsackmann
20140718-W-Bastad-QF-Jana_Cepelova-Yulia_Putintseva,Jana Cepelova,Yulia Putintseva,R,R,W,20140718,Bastad,QF,,,Clay,Felix Torralba,3,1,jeffsackmann
20140717-W-Istanbul-R16-Shahar_Peer-Karolina_Pliskova,Shahar Peer,Karolina Pliskova,R,R,W,20140717,Istanbul,R16,,,Hard,,3,1,jeffsackmann
20140717-W-Bastad-R16-Grace_Min-Alexandra_Panova,Grace Min,Alexandra Panova,R,R,W,20140717,Bastad,R16,,,Clay,,3,1,jeffsackmann
20140716-W-Istanbul-R16-Caroline_Wozniacki-Karin_Knapp,Caroline Wozniacki,Karin Knapp,R,R,W,20140716,Istanbul,R16,,,Hard,Eva Asderaki,3,1,jeffsackmann
20140716-W-Bastad-R32-Gabriela_Dabrowski-Camila_Giorgi,Gabriela Dabrowski,Camila Giorgi,R,R,W,20140716,Bastad,R32,,,Clay,,3,1,jeffsackmann
20140715-W-Istanbul-R32-Jovana_Jaksic-Francesca_Schiavone,Jovana Jaksic,Francesca Schiavone,R,R,W,20140715,Istanbul,R32,,,Hard,,3,1,jeffsackmann
20140715-W-Bastad-R32-Alize_Cornet-Anett_Kontaveit,Alize Cornet,Anett Kontaveit,R,R,W,20140715,Bastad,R32,,,Clay,,3,1,jeffsackmann
20140714-W-Istanbul-R32-Klara_Koukalova-Donna_Vekic,Klara Koukalova,Donna Vekic,R,R,W,20140714,Istanbul,R32,,,Hard,Eva Asderaki,3,1,jeffsackmann
20140714-W-Istanbul-R32-Caroline_Wozniacki-Belinda_Bencic,Caroline Wozniacki,Belinda Bencic,R,R,W,20140714,Istanbul,R32,,,Hard,,3,1,Lowell
20140713-W-Bucharest-F-Roberta_Vinci-Simona_Halep,Roberta Vinci,Simona Halep,R,R,W,20140713,Bucharest,F,,,Clay,,3,1,jeffsackmann
20140713-W-Bad_Gastein-F-Andrea_Petkovic-Shelby_Rogers,Andrea Petkovic,Shelby Rogers,R,R,W,20140713,Bad Gastein,F,,,Clay,Marija Cicak,3,1,jeffsackmann
20140712-W-Bucharest-SF-Simona_Halep-Monica_Niculescu,Simona Halep,Monica Niculescu,R,R,W,20140712,Bucharest,SF,,,Clay,,3,1,jeffsackmann
20140711-W-Bucharest-QF-Lara_Arruabarrena-Simona_Halep,Lara Arruabarrena,Simona Halep,R,R,W,20140711,Bucharest,QF,,,Clay,,3,1,jeffsackmann
20140710-W-Bucharest-R16-Aleksandra_Krunic-Simona_Halep,Aleksandra Krunic,Simona Halep,R,R,W,20140710,Bucharest,R16,,,Clay,,3,1,jeffsackmann
20140709-W-Bucharest-R32-Simona_Halep-Indy_De_Vroome,Simona Halep,Indy De Vroome,R,R,W,20140709,Bucharest,R32,,,Clay,,3,1,jeffsackmann
20140707-W-Sacramento_CA_50K-R32-Nicole_Gibbs-Alexandra_Stevenson,Nicole Gibbs,Alexandra Stevenson,R,R,W,20140707,Sacramento CA 50K,R32,,,Hard,,3,1,Amy
20140705-W-Wimbledon-F-Eugenie_Bouchard-Petra_Kvitova,Eugenie Bouchard,Petra Kvitova,R,L,W,20140705,Wimbledon,F,,Centre,Grass,Marija Cicak,3,0,Amy
20140703-W-Wimbledon-SF-Lucie_Safarova-Petra_Kvitova,Lucie Safarova,Petra Kvitova,L,L,W,20140703,Wimbledon,SF,,,Grass,Alison Hughes,3,0,Amy
20140703-W-Wimbledon-SF-Eugenie_Bouchard-Simona_Halep,Eugenie Bouchard,Simona Halep,R,R,W,20140703,Wimbledon,SF,3:00 PM,Centre,Grass,Kader Nouni,3,0,jeffsackmann
20140702-W-Wimbledon-QF-Sabine_Lisicki-Simona_Halep,Sabine Lisicki,Simona Halep,R,R,W,20140702,Wimbledon,QF,,Centre,Grass,Mariana Alves,3,0,jeffsackmann
20140702-W-Wimbledon-QF-Eugenie_Bouchard-Angelique_Kerber,Eugenie Bouchard,Angelique Kerber,R,L,W,20140702,Wimbledon,QF,12:10 PM,Court 1,Grass,,3,1,Lowell
20140701-W-Wimbledon-R16-Zarina_Diyas-Simona_Halep,Zarina Diyas,Simona Halep,R,R,W,20140701,Wimbledon,R16,,,Grass,,3,0,jeffsackmann
20140701-W-Wimbledon-QF-Lucie_Safarova-Ekaterina_Makarova,Lucie Safarova,Ekaterina Makarova,L,L,W,20140701,Wimbledon,QF,3:00 PM,Court 1,Grass,Louise Engzell,3,1,Lowell
20140701-W-Wimbledon-QF-Barbora_Zahlavova_Strycova-Petra_Kvitova,Barbora Zahlavova Strycova,Petra Kvitova,R,L,W,20140701,Wimbledon,QF,,,Grass,Felix Torralba,3,0,Amy
20140630-W-Wimbledon-R16-Petra_Kvitova-Shuai_Peng,Petra Kvitova,Shuai Peng,L,R,W,20140630,Wimbledon,R16,,,Grass,Fiona Edwards,3,0,Amy
20140628-W-Wimbledon-R32-Belinda_Bencic-Simona_Halep,Belinda Bencic,Simona Halep,R,R,W,20140628,Wimbledon,R32,,,Grass,Marija Cicak,3,0,jeffsackmann
20140627-W-Wimbledon-R32-Venus_Williams-Petra_Kvitova,Venus Williams,Petra Kvitova,R,L,W,20140627,Wimbledon,R32,,Centre,Grass,Marija Cicak,3,0,Amy
20140625-W-Wimbledon-R64-Mona_Barthel-Petra_Kvitova,Mona Barthel,Petra Kvitova,R,L,W,20140625,Wimbledon,R64,,,Grass,Juan Zhang,3,0,Amy
20140624-W-Wimbledon-R128-Teliana_Pereira-Simona_Halep,Teliana Pereira,Simona Halep,R,R,W,20140624,Wimbledon,R128,,Centre,Grass,Roland Herfel,3,0,jeffsackmann
20140623-W-Wimbledon-R128-Petra_Kvitova-Andrea_Hlavackova,Petra Kvitova,Andrea Hlavackova,L,R,W,20140623,Wimbledon,R128,,Court 3,Grass,Eva Asderaki,3,0,Amy
20140621-W-sHertogenbosch-F-Jie_Zheng-Coco_Vandeweghe,Jie Zheng,Coco Vandeweghe,R,R,W,20140621,sHertogenbosch,F,,,Grass,Kader Nouni,3,1,jeffsackmann
20140621-W-Eastbourne-F-Madison_Keys-Angelique_Kerber,Madison Keys,Angelique Kerber,R,L,W,20140621,Eastbourne,F,,Centre,Grass,,3,1,Lowell
20140620-W-Eastbourne-SF-Madison_Keys-Heather_Watson,Madison Keys,Heather Watson,R,R,W,20140620,Eastbourne,SF,,,Grass,,3,1,Amy
20140619-W-Eastbourne-QF-Madison_Keys-Lauren_Davis,Madison Keys,Lauren Davis,R,R,W,20140619,Eastbourne,QF,,Court 1,Grass,,3,1,Lowell
20140617-W-sHertogenbosch-R32-Dominika_Cibulkova-Yaroslava_Shvedova,Dominika Cibulkova,Yaroslava Shvedova,R,R,W,20140617,sHertogenbosch,R32,,,Grass,,3,1,jeffsackmann
20140617-W-s-Hertogenbosch-R32-Olga_Govortsova-Simona_Halep,Olga Govortsova,Simona Halep,R,R,W,20140617,s-Hertogenbosch,R32,,Centre,Grass,,3,1,jeffsackmann
20140616-W-Eastbourne-R32-Caroline_Wozniacki-Samantha_Stosur,Caroline Wozniacki,Samantha Stosur,R,R,W,20140616,Eastbourne,R32,,,Grass,,3,1,Amy
20140609-W-Birmingham-R32-Donna_Vekic-Belinda_Bencic,Donna Vekic,Belinda Bencic,R,R,W,20140609,Birmingham,R32,,Centre,Grass,,3,1,Lowell
20140607-W-Roland_Garros-F-Maria_Sharapova-Simona_Halep,Maria Sharapova,Simona Halep,R,R,W,20140607,Roland Garros,F,,Philippe Chatrier,Clay,,3,1,Lowell
20140605-W-Roland_Garros-SF-Andrea_Petkovic-Simona_Halep,Andrea Petkovic,Simona Halep,R,R,W,20140605,Roland Garros,SF,,,Clay,,3,1,jeffsackmann
20140604-W-Roland_Garros-QF-Svetlana_Kuznetsova-Simona_Halep,Svetlana Kuznetsova,Simona Halep,R,R,W,20140604,Roland Garros,QF,,Lenglen,Clay,,3,0,jeffsackmann
20140602-W-Roland_Garros-R16-Simona_Halep-Sloane_Stephens,Simona Halep,Sloane Stephens,R,R,W,20140602,Roland Garros,R16,,Chatrier,Clay,Kader Nouni,3,0,jeffsackmann
20140601-W-Roland_Garros-R16-Pauline_Parmentier-Garbine_Muguruza,Pauline Parmentier,Garbine Muguruza,R,R,W,20140601,Roland Garros,R16,,Philippe Chatrier,Clay,Alison Hughes,3,1,Lowell
20140531-W-Roland_Garros-R32-Maria_Teresa_Torro_Flor-Simona_Halep,Maria Teresa Torro Flor,Simona Halep,R,R,W,20140531,Roland Garros,R32,,,Clay,,3,1,jeffsackmann
20140530-W-Roland_Garros-R32-Taylor_Townsend-Carla_Suarez_Navarro,Taylor Townsend,Carla Suarez Navarro,L,R,W,20140530,Roland Garros,R32,,,Clay,,3,0,jeffsackmann
20140530-W-Roland_Garros-R32-Anna_Karolina_Schmiedlova-Garbine_Muguruza,Anna Karolina Schmiedlova,Garbine Muguruza,R,R,W,20140530,Roland Garros,R32,,,Clay,Pascal Maria,3,0,Amy
20140530-W-Roland_Garros-R32-Agnieszka_Radwanska-Ajla_Tomljanovic,Agnieszka Radwanska,Ajla Tomljanovic,R,R,W,20140530,Roland Garros,R32,,,Clay,,3,1,jeffsackmann
20140529-W-Roland_Garros-R64-Marina_Erakovic-Petra_Kvitova,Marina Erakovic,Petra Kvitova,R,L,W,20140529,Roland Garros,R64,,,Clay,,3,0,Amy
20140529-W-Roland_Garros-R64-Heather_Watson-Simona_Halep,Heather Watson,Simona Halep,R,R,W,20140529,Roland Garros,R64,,,Clay,,3,0,jeffsackmann
20140528-W-Roland_Garros-R64-Serena_Williams-Garbine_Muguruza,Serena Williams,Garbine Muguruza,R,R,W,20140528,Roland Garros,R64,,Court Suzanne Lenglen,Clay,Kader Nouni,3,0,Amy
20140528-W-Roland_Garros-R64-Dominika_Cibulkova-Tamira_Paszek,Dominika Cibulkova,Tamira Paszek,R,R,W,20140528,Roland Garros,R64,,Court 3,Clay,,3,0,Amy
20140527-W-Roland_Garros-R128-Na_Li-Kristina_Mladenovic,Na Li,Kristina Mladenovic,R,R,W,20140527,Roland Garros,R128,,,Clay,,3,0,jeffsackmann
20140527-W-Roland_Garros-R128-Alisa_Kleybanova-Simona_Halep,Alisa Kleybanova,Simona Halep,R,R,W,20140527,Roland Garros,R128,,Chatrier,Clay,,3,1,jeffsackmann
20140516-W-Rome-QF-Shuai_Zhang-Serena_Williams,Shuai Zhang,Serena Williams,R,R,W,20140516,Rome,QF,,Centrale,Clay,Mariana Alves,3,1,jeffsackmann
20140515-W-Rome-R16-Serena_Williams-Varvara_Lepchenko,Serena Williams,Varvara Lepchenko,R,L,W,20140515,Rome,R16,,Centrale,Clay,Juan Zhang,3,1,jeffsackmann
20140513-W-Rome-R32-Camila_Giorgi-Dominika_Cibulkova,Camila Giorgi,Dominika Cibulkova,R,R,W,20140513,Rome,R32,,Pietrangeli,Clay,,3,1,Lowell
20140513-W-Rome-R32-Angelique_Kerber-Petra_Cetkovska,Angelique Kerber,Petra Cetkovska,L,R,W,20140513,Rome,R32,,,Clay,,3,1,jeffsackmann
20140511-W-Madrid-F-Maria_Sharapova-Simona_Halep,Maria Sharapova,Simona Halep,R,R,W,20140511,Madrid,F,16:30,Manolo Santana,Clay,Kader Nouni,3,1,jeffsackmann
20140510-W-Madrid-SF-Petra_Kvitova-Simona_Halep,Petra Kvitova,Simona Halep,L,R,W,20140510,Madrid,SF,11:30,Manolo Santana,Clay,Eva Asderaki,3,1,jeffsackmann
20140509-W-Madrid-QF-Caroline_Garcia-Agnieszka_Radwanska,Caroline Garcia,Agnieszka Radwanska,R,R,W,20140509,Madrid,QF,,,Clay,Eva Asderaki,3,1,jeffsackmann
20140508-W-Madrid-R16-Sabine_Lisicki-Simona_Halep,Sabine Lisicki,Simona Halep,R,R,W,20140508,Madrid,R16,,,Clay,Kader Nouni,3,1,jeffsackmann
20140508-W-Madrid-R16-Ana_Ivanovic-Anastasia_Pavlyuchenkova,Ana Ivanovic,Anastasia Pavlyuchenkova,R,R,W,20140508,Madrid,R16,,,Clay,,3,1,jeffsackmann
20140507-W-Madrid-R32-Lara_Arruabarrena-Simona_Halep,Lara Arruabarrena,Simona Halep,R,R,W,20140507,Madrid,R32,,Manolo Santana,Clay,Juan Zhang,3,1,jeffsackmann
20140506-W-Madrid-R64-Julia_Goerges-Simona_Halep,Julia Goerges,Simona Halep,R,R,W,20140506,Madrid,R64,,,Clay,Juan Zhang,3,1,jeffsackmann
20140427-W-Marrakech-F-Maria_Teresa_Torro_Flor-Romina_Oprandi,Maria Teresa Torro Flor,Romina Oprandi,R,R,W,20140427,Marrakech,F,,,Clay,,3,1,jeffsackmann
20140423-W-Stuttgart-R32-Julia_Goerges-Sorana_Cirstea,Julia Goerges,Sorana Cirstea,R,R,W,20140423,Stuttgart,R32,,,Clay,,3,1,Lowell
20140422-W-Stuttgart-R32-Maria_Sharapova-Lucie_Safarova,Maria Sharapova,Lucie Safarova,R,L,W,20140422,Stuttgart,R32,6:50 PM,Centre,Clay,,3,1,Lowell
20140419-W-Fed_Cup_World_Group_SF-RR-Sara_Errani-Lucie_Safarova,Sara Errani,Lucie Safarova,R,L,W,20140419,Fed Cup World Group SF,RR,,,Hard,,3,1,pavel
20140412-W-Bogota-SF-Caroline_Garcia-Vania_King,Caroline Garcia,Vania King,R,R,W,20140412,Bogota,SF,,,Clay,,3,1,jeffsackmann
20140408-W-Katowice-R32-Agnieszka_Radwanska-Kristyna_Pliskova,Agnieszka Radwanska,Kristyna Pliskova,R,L,W,20140408,Katowice,R32,,,Hard,,3,1,jeffsackmann
20140405-W-Monterrey-SF-Caroline_Wozniacki-Ana_Ivanovic,Caroline Wozniacki,Ana Ivanovic,R,R,W,20140405,Monterrey,SF,,,Hard,,3,1,Amy
20140404-W-Charleston-QF-Sara_Errani-Belinda_Bencic,Sara Errani,Belinda Bencic,R,R,W,20140404,Charleston,QF,,Billy Jean King,Clay,,3,1,Lowell
20140403-W-Charleston-R16-Andrea_Petkovic-Sabine_Lisicki,Andrea Petkovic,Sabine Lisicki,R,R,W,20140403,Charleston,R16,16:15,,Clay,Eva Asderaki,3,1,jeffsackmann
20140325-W-Miami-QF-Maria_Sharapova-Petra_Kvitova,Maria Sharapova,Petra Kvitova,R,L,W,20140325,Miami,QF,1:22 PM,,Hard,,3,1,Lowell
20140320-W-Miami-R64-Shuai_Peng-Angelique_Kerber,Shuai Peng,Angelique Kerber,R,L,W,20140320,Miami,R64,,Stadium,Hard,,3,1,Lowell
20140316-W-Indian_Wells-F-Agnieszka_Radwanska-Flavia_Pennetta,Agnieszka Radwanska,Flavia Pennetta,R,R,W,20140316,Indian Wells,F,12:00,Stadium 1,Hard,Eva Asderaki,3,1,jeffsackmann
20140314-W-Indian_Wells-SF-Agnieszka_Radwanska-Simona_Halep,Agnieszka Radwanska,Simona Halep,R,R,W,20140314,Indian Wells,SF,,Stadium 1,Hard,,3,1,Lowell
20140311-W-Indian_Wells-R16-Eugenie_Bouchard-Simona_Halep,Eugenie Bouchard,Simona Halep,R,R,W,20140311,Indian Wells,R16,,Stadium 2,Hard,Zhang Juan,3,1,jeffsackmann
20140311-W-Indian_Wells-R16-Dominika_Cibulkova-Petra_Kvitova,Dominika Cibulkova,Petra Kvitova,R,L,W,20140311,Indian Wells,R16,,Stadium 3,Hard,,3,1,Lowell
20140309-W-Indian_Wells-R32-Simona_Halep-Lucie_Safarova,Simona Halep,Lucie Safarova,R,L,W,20140309,Indian Wells,R32,,,Hard,Julie Kjendlie,3,1,jeffsackmann
20140309-W-Indian_Wells-R32-Eugenie_Bouchard-Sara_Errani,Eugenie Bouchard,Sara Errani,R,R,W,20140309,Indian Wells,R32,,3,Hard,,3,1,zebra27
20140308-W-Indian_Wells-R64-Ana_Ivanovic-Elina_Svitolina,Ana Ivanovic,Elina Svitolina,R,R,W,20140308,Indian Wells,R64,,Stadium 4,Hard,,3,1,Lowell
20140307-W-Indian_Wells-R64-Shuai_Peng-Eugenie_Bouchard,Shuai Peng,Eugenie Bouchard,R,R,W,20140307,Indian Wells,R64,,Stadium 3,Hard,,3,1,Lowell
20140307-W-Indian_Wells-R64-Kurumi_Nara-Simona_Halep,Kurumi Nara,Simona Halep,R,R,W,20140307,Indian Wells,R64,,,Hard,,3,1,jeffsackmann
20140216-W-Doha-F-Angelique_Kerber-Simona_Halep,Angelique Kerber,Simona Halep,L,R,W,20140216,Doha,F,,,Hard,Eva Asderaki,3,1,jeffsackmann
20140214-W-Doha-QF-Sara_Errani-Simona_Halep,Sara Errani,Simona Halep,R,R,W,20140214,Doha,QF,,,Hard,,3,1,jeffsackmann
20140214-W-Doha-QF-Petra_Cetkovska-Angelique_Kerber,Petra Cetkovska,Angelique Kerber,R,L,W,20140214,Doha,QF,,,Hard,,3,1,Lowell
20140202-W-Pattaya_City-F-Ekaterina_Makarova-Karolina_Pliskova,Ekaterina Makarova,Karolina Pliskova,L,R,W,20140202,Pattaya City,F,,,Hard,Juan Zhang,3,1,jeffsackmann
20140201-W-Paris_Open-SF-Alize_Cornet-Sara_Errani,Alize Cornet,Sara Errani,R,R,W,20140201,Paris Open,SF,6:15 PM,Stade Pierre de Coubertin,Hard,,3,1,Lowell
20140125-W-Australian_Open-F-Dominika_Cibulkova-Na_Li,Dominika Cibulkova,Na Li,R,R,W,20140125,Australian Open,F,,Rod Laver Arena,Hard,,3,1,Lowell
20140123-W-Australian_Open-SF-Eugenie_Bouchard-Na_Li,Eugenie Bouchard,Na Li,R,R,W,20140123,Australian Open,SF,1:30 PM,RLA,Hard,,3,0,jeffsackmann
20140123-W-Australian_Open-SF-Agnieszka_Radwanska-Dominika_Cibulkova,Agnieszka Radwanska,Dominika Cibulkova,R,R,W,20140123,Australian Open,SF,3:30 PM,RLA,Hard,,3,0,jeffsackmann
20140122-W-Australian_Open-QF-Dominika_Cibulkova-Simona_Halep,Dominika Cibulkova,Simona Halep,R,R,W,20140122,Australian Open,QF,11:00 AM,RLA,Hard,,3,0,jeffsackmann
20140122-W-Australian_Open-QF-Agnieszka_Radwanska-Victoria_Azarenka,Agnieszka Radwanska,Victoria Azarenka,R,R,W,20140122,Australian Open,QF,12:30 PM,RLA,Hard,Eva Asderaki,3,0,jeffsackmann
20140121-W-Dubai-QF-Serena_Williams-Jelena_Jankovic,Serena Williams,Jelena Jankovic,R,R,W,20140121,Dubai,QF,19:10,1,Hard,Kader Nouni,3,1,brian
20140121-W-Australian_Open-QF-Eugenie_Bouchard-Ana_Ivanovic,Eugenie Bouchard,Ana Ivanovic,R,R,W,20140121,Australian Open,QF,12:30 PM,RLA,Hard,Mariana Alves,3,0,jeffsackmann
20140120-W-Australian_Open-R16-Jelena_Jankovic-Simona_Halep,Jelena Jankovic,Simona Halep,R,R,W,20140120,Australian Open,R16,1:00 PM,Hisense,Hard,Juan Zhang,3,0,jeffsackmann
20140120-W-Australian_Open-R16-Dominika_Cibulkova-Maria_Sharapova,Dominika Cibulkova,Maria Sharapova,R,R,W,20140120,Australian Open,R16,11:00 AM,RLA,Hard,Emmanuel Joseph,3,0,jeffsackmann
20140119-W-Australian_Open-R16-Serena_Williams-Ana_Ivanovic,Serena Williams,Ana Ivanovic,R,R,W,20140119,Australian Open,R16,,Rod Laver Arena,Hard,,3,0,Amy
20140118-W-Australian_Open-R32-Maria_Sharapova-Alize_Cornet,Maria Sharapova,Alize Cornet,R,R,W,20140118,Australian Open,R32,11:00 AM,Rod Laver Arena,Hard,Felix Torralba,3,1,Amy
20140118-W-Australian_Open-R32-Elina_Svitolina-Sloane_Stephens,Elina Svitolina,Sloane Stephens,R,R,W,20140118,Australian Open,R32,12:30 PM,MCA,Hard,,3,0,jeffsackmann
20140118-W-Australian_Open-R32-Dominika_Cibulkova-Carla_Suarez_Navarro,Dominika Cibulkova,Carla Suarez Navarro,R,R,W,20140118,Australian Open,R32,11:00 AM,MCA,Hard,James Keothavong,3,0,jeffsackmann
20140118-W-Australian_Open-R32-Caroline_Wozniacki-Garbine_Muguruza,Caroline Wozniacki,Garbine Muguruza,R,R,W,20140118,Australian Open,R32,1:30 PM,RLA,Hard,,3,0,jeffsackmann
20140117-W-Australian_Open-R32-Serena_Williams-Daniela_Hantuchova,Serena Williams,Daniela Hantuchova,R,R,W,20140117,Australian Open,R32,11:00 AM,Rod Laver Arena,Hard,,3,0,Amy
20140117-W-Australian_Open-R32-Mona_Barthel-Flavia_Pennetta,Mona Barthel,Flavia Pennetta,R,R,W,20140117,Australian Open,R32,,MCA,Hard,,3,1,jeffsackmann
20140117-W-Australian_Open-R32-Jie_Zheng-Casey_Dellacqua,Jie Zheng,Casey Dellacqua,R,L,W,20140117,Australian Open,R32,,RLA,Hard,,3,1,jeffsackmann
20140116-W-Australian_Open-R64-Galina_Voskoboeva-Carla_Suarez_Navarro,Galina Voskoboeva,Carla Suarez Navarro,R,R,W,20140116,Australian Open,R64,,Show Court 2,Hard,John Blom,3,0,jeffsackmann
20140116-W-Australian_Open-R64-Caroline_Wozniacki-Christina_Mchale,Caroline Wozniacki,Christina Mchale,R,R,W,20140116,Australian Open,R64,,RLA,Indoor Hard,KerriLyn Cramer,3,0,jeffsackmann
20140115-W-Australian_Open-R64-Sabine_Lisicki-Monica_Niculescu,Sabine Lisicki,Monica Niculescu,R,R,W,20140115,Australian Open,R64,,MCA,Hard,Mariana Alves,3,0,jeffsackmann
20140115-W-Australian_Open-R64-Flavia_Pennetta-Monica_Puig,Flavia Pennetta,Monica Puig,R,R,W,20140115,Australian Open,R64,,MCA,Hard,,3,0,jeffsackmann
20140115-W-Australian_Open-R64-Alison_Riske-Yanina_Wickmayer,Alison Riske,Yanina Wickmayer,R,R,W,20140115,Australian Open,R64,,Show Court 3,Hard,Adel Nour,3,0,jeffsackmann
20140114-W-Australian_Open-R128-Simona_Halep-Katarzyna_Piter,Simona Halep,Katarzyna Piter,R,R,W,20140114,Australian Open,R128,,MCA,Hard,,3,1,jeffsackmann
20140113-W-Australian_Open_Q-Q2-Carina_Witthoeft-Anastasia_Rodionova,Carina Witthoeft,Anastasia Rodionova,R,R,W,20140113,Australian Open Q,Q2,,,Hard,,3,1,Amy
20140113-W-Australian_Open-R64-Alla_Kudryavtseva-Angelique_Kerber,Alla Kudryavtseva,Angelique Kerber,R,L,W,20140113,Australian Open,R64,,,Hard,,3,1,Amy
20140113-W-Australian_Open-R128-Venus_Williams-Ekaterina_Makarova,Venus Williams,Ekaterina Makarova,R,L,W,20140113,Australian Open,R128,11:00 AM,Margaret Court Arena,Hard,,3,0,Amy
20140113-W-Australian_Open-R128-Kimiko_Date_Krumm-Belinda_Bencic,Kimiko Date Krumm,Belinda Bencic,R,R,W,20140113,Australian Open,R128,,6,Hard,,3,1,jeffsackmann
20140113-W-Australian_Open-R128-Julia_Goerges-Sara_Errani,Julia Goerges,Sara Errani,R,R,W,20140113,Australian Open,R128,,Hisense Arena,Hard,,3,0,jeffsackmann
20140113-W-Australian_Open-R128-Ana_Konjuh-Na_Li,Ana Konjuh,Na Li,R,R,W,20140113,Australian Open,R128,,Hisense,Hard,,3,1,Lowell
20140110-W-Sydney-F-Tsvetana_Pironkova-Angelique_Kerber,Tsvetana Pironkova,Angelique Kerber,R,L,W,20140110,Sydney,F,,,Hard,,3,1,Backstop5
20140109-W-Sydney-SF-Petra_Kvitova-Tsvetana_Pironkova,Petra Kvitova,Tsvetana Pironkova,L,R,W,20140109,Sydney,SF,,,Hard,,3,1,jeffsackmann
20140109-W-Sydney-SF-Madison_Keys-Angelique_Kerber,Madison Keys,Angelique Kerber,R,L,W,20140109,Sydney,SF,,Ken Rosewall Arena,Hard,,3,1,Lowell
20140106-W-Sydney-R32-Eugenie_Bouchard-Bethanie_Mattek_Sands,Eugenie Bouchard,Bethanie Mattek Sands,R,R,W,20140106,Sydney,R32,,,Hard,Eva Asderaki,3,1,jeffsackmann
20140105-W-Sydney-R32-Simona_Halep-Madison_Keys,Simona Halep,Madison Keys,R,R,W,20140105,Sydney,R32,,,Hard,,3,1,jeffsackmann
20140104-W-Brisbane-F-Victoria_Azarenka-Serena_Williams,Victoria Azarenka,Serena Williams,R,R,W,20140104,Brisbane,F,,Pat Rafter Arena,Hard,,3,1,Backstop5
20140102-W-Brisbane-QF-Angelique_Kerber-Jelena_Jankovic,Angelique Kerber,Jelena Jankovic,L,R,W,20140102,Brisbane,QF,,Court 1,Hard,,3,1,Lowell
20140102-W-Auckland-QF-Garbine_Muguruza-Venus_Williams,Garbine Muguruza,Venus Williams,R,R,W,20140102,Auckland,QF,,,Hard,,3,1,Lowell
20131230-W-Brisbane-R32-Maria_Sharapova-Caroline_Garcia,Maria Sharapova,Caroline Garcia,R,R,W,20131230,Brisbane,R32,,Pat Rafter Arena,Hard,,3,1,Lowell
20131229-W-Brisbane-R32-Elina_Svitolina-Varvara_Lepchenko,Elina Svitolina,Varvara Lepchenko,R,L,W,20131229,Brisbane,R32,,Court 1,Hard,,3,1,Lowell
20131103-W-Sofia-F-Samantha_Stosur-Simona_Halep,Samantha Stosur,Simona Halep,R,R,W,20131103,Sofia,F,,,Indoor Hard,Juan Zhang,3,1,jeffsackmann
20131031-W-Sofia-RR-Simona_Halep-Elina_Svitolina,Simona Halep,Elina Svitolina,R,R,W,20131031,Sofia,RR,,,Hard,,3,1,Lowell
20130925-W-Tokyo-R16-Venus_Williams-Simona_Halep,Venus Williams,Simona Halep,R,R,W,20130925,Tokyo,R16,,,Indoor Hard,,3,1,jeffsackmann
20130908-W-US_Open-F-Victoria_Azarenka-Serena_Williams,Victoria Azarenka,Serena Williams,R,R,W,20130908,US Open,F,5:00 PM EST,Ashe,Hard,Alison Hughes,3,1,jeffsackmann
20130906-W-US_Open-SF-Serena_Williams-Na_Li,Serena Williams,Na Li,R,R,W,20130906,US Open,SF,4:45 PM EST,Ashe,Hard,Louise Azemar Engzell,3,1,jeffsackmann
20130906-W-US_Open-SF-Flavia_Pennetta-Victoria_Azarenka,Flavia Pennetta,Victoria Azarenka,R,R,W,20130906,US Open,SF,3 PM EST,Ashe,Hard,,3,1,jeffsackmann
20130901-W-US_Open-R16-Serena_Williams-Sloane_Stephens,Serena Williams,Sloane Stephens,R,R,W,20130901,US Open,R16,,Ashe,Hard,,3,1,jeffsackmann
20130831-W-US_Open-R32-Maria_Kirilenko-Simona_Halep,Maria Kirilenko,Simona Halep,R,R,W,20130831,US Open,R32,11am EST,Armstrong,Hard,Fiona Edwards,3,1,jeffsackmann
20130831-W-US_Open-R32-Alize_Cornet-Victoria_Azarenka,Alize Cornet,Victoria Azarenka,R,R,W,20130831,US Open,R32,12:20 EST,Armstrong,Hard,Leanne White,3,1,jeffsackmann
20130829-W-US_Open-R64-Daniela_Hantuchova-Victoria_Duval,Daniela Hantuchova,Victoria Duval,R,R,W,20130829,US Open,R64,9PM EST,17,Hard,,3,1,jeffsackmann
20130826-W-US_Open-R128-Ying_Ying_Duan-Caroline_Wozniacki,Ying Ying Duan,Caroline Wozniacki,R,R,W,20130826,US Open,R128,,,Hard,,3,1,Amy
20130823-W-New_Haven-SF-Caroline_Wozniacki-Simona_Halep,Caroline Wozniacki,Simona Halep,R,R,W,20130823,New Haven,SF,,,Hard,Felix Torralba,3,1,jeffsackmann
20130819-W-New_Haven-F-Petra_Kvitova-Simona_Halep,Petra Kvitova,Simona Halep,L,R,W,20130819,New Haven,F,,,Hard,,3,1,Amy
20130818-W-Cincinnati-F-Victoria_Azarenka-Serena_Williams,Victoria Azarenka,Serena Williams,R,R,W,20130818,Cincinnati,F,,,Hard,Cicak,3,1,Amy
20130816-W-Cincinnati-QF-Magdalena_Rybarikova-Victoria_Azarenka,Magdalena Rybarikova,Victoria Azarenka,R,R,W,20130816,Cincinnati,QF,,,Hard,,3,1,Amy
20130814-W-Cincinnati-R64-Na_Li-Lauren_Davis,Na Li,Lauren Davis,R,R,W,20130814,Cincinnati,R64,,,Hard,,3,1,jeffsackmann
20130726-W-Baku-SF-Shahar_Peer-Magda_Linette,Shahar Peer,Magda Linette,R,R,W,20130726,Baku,SF,,,Hard,,3,1,jeffsackmann
20130715-W-Bastad-F-Serena_Williams-Johanna_Larsson,Serena Williams,Johanna Larsson,R,R,W,20130715,Bastad,F,,,Clay,,3,1,Amy
20130714-W-Palermo-F-Roberta_Vinci-Sara_Errani,Roberta Vinci,Sara Errani,R,R,W,20130714,Palermo,F,,,Clay,Kader Nouni,3,1,jeffsackmann
20130714-W-Budapest-F-Yvonne_Meusburger-Simona_Halep,Yvonne Meusburger,Simona Halep,R,R,W,20130714,Budapest,F,,,Clay,,3,1,jeffsackmann
20130701-W-Wimbledon-R16-Kaia_Kanepi-Laura_Robson,Kaia Kanepi,Laura Robson,R,L,W,20130701,Wimbledon,R16,1:10 PM,Court 1,Grass,Eva Asderaki,3,1,Lowell
20130624-W-Wimbledon-R128-Elena_Baltacha-Flavia_Pennetta,Elena Baltacha,Flavia Pennetta,R,R,W,20130624,Wimbledon,R128,,,Grass,,3,1,jeffsackmann
20130622-W-s_Hertogenbosch-F-Kirsten_Flipkens-Simona_Halep,Kirsten Flipkens,Simona Halep,R,R,W,20130622,s Hertogenbosch,F,,,Grass,Kader Nouni,3,1,jeffsackmann
20130621-W-s_Hertogenbosch-SF-Carla_Suarez_Navarro-Simona_Halep,Carla Suarez Navarro,Simona Halep,R,R,W,20130621,s Hertogenbosch,SF,,,Grass,,3,1,jeffsackmann
20130614-W-Nuremburg-SF-Simona_Halep-Lucie_Safarova,Simona Halep,Lucie Safarova,R,L,W,20130614,Nuremburg,SF,,,Clay,Aurelie Tourte,3,1,jeffsackmann
20130613-W-Birmingham-R16-Sorana_Cirstea-Bojana_Jovanovski,Sorana Cirstea,Bojana Jovanovski,R,R,W,20130613,Birmingham,R16,,,Grass,,3,1,jeffsackmann
20130603-W-Nottingham_75K-R32-An_Sophie_Mestach-Johanna_Konta,An Sophie Mestach,Johanna Konta,R,R,W,20130603,Nottingham 75K,R32,,,Grass,,3,1,Amy
20130513-W-Rome-R64-Venus_Williams-Laura_Robson,Venus Williams,Laura Robson,R,L,W,20130513,Rome,R64,2:50 PM,Centrale,Clay,,3,1,Lowell
20130508-W-Madrid-R32-Victoria_Azarenka-Ekaterina_Makarova,Victoria Azarenka,Ekaterina Makarova,R,L,W,20130508,Madrid,R32,,Manolo Santana,Clay,Mariana Elves,3,1,Lowell
20130508-W-Madrid-R32-Serena_Williams-Lourdes_Dominguez_Lino,Serena Williams,Lourdes Dominguez Lino,R,R,W,20130508,Madrid,R32,,,Clay,Marija Cicak,3,1,jeffsackmann
20130506-W-Madrid-R64-Maria_Sharapova-Alexandra_Dulgheru,Maria Sharapova,Alexandra Dulgheru,R,R,W,20130506,Madrid,R64,,,Clay,,3,1,Amy
20130407-W-Charleston-F-Serena_Williams-Jelena_Jankovic,Serena Williams,Jelena Jankovic,R,R,W,20130407,Charleston,F,,,Clay,Kader Nouni,3,1,Amy
20130402-W-Charleston-R32-Camila_Giorgi-Serena_Williams,Camila Giorgi,Serena Williams,R,R,W,20130402,Charleston,R32,,Billie Jean King Court,Clay,,3,1,Lowell
20130221-W-Dubai-QF-Agnieszka_Radwanska-Petra_Kvitova,Agnieszka Radwanska,Petra Kvitova,R,L,W,20130221,Dubai,QF,10:00 PM,Centre,Hard,,3,1,Lowell
20130219-W-Dubai-R32-Samantha_Stosur-Ekaterina_Makarova,Samantha Stosur,Ekaterina Makarova,R,L,W,20130219,Dubai,R32,8:30 PM,Centre,Hard,,3,1,Lowell
20130124-W-Australian_Open-SF-Sloane_Stephens-Victoria_Azarenka,Sloane Stephens,Victoria Azarenka,R,R,W,20130124,Australian Open,SF,,,Hard,,3,1,Amy
20130123-W-Australian_Open-QF-Svetlana_Kuznetsova-Victoria_Azarenka,Svetlana Kuznetsova,Victoria Azarenka,R,R,W,20130123,Australian Open,QF,,,Hard,,3,1,Amy
20130120-W-Australian_Open-R16-Elena_Vesnina-Victoria_Azarenka,Elena Vesnina,Victoria Azarenka,R,R,W,20130120,Australian Open,R16,,,Hard,Fergus Murphy,3,1,Amy
20130118-W-Australian_Open-R32-Victoria_Azarenka-Jamie_Hampton,Victoria Azarenka,Jamie Hampton,R,R,W,20130118,Australian Open,R32,,,Hard,,3,1,Amy
20130117-W-Australian_Open-R64-Victoria_Azarenka-Eleni_Daniilidou,Victoria Azarenka,Eleni Daniilidou,R,R,W,20130117,Australian Open,R64,,,Hard,Carlos Ramos,3,1,Amy
20130117-W-Australian_Open-R64-Laura_Robson-Petra_Kvitova,Laura Robson,Petra Kvitova,L,L,W,20130117,Australian Open,R64,9:30 PM,Rod Laver Arena,Hard,,3,0,Lowell
20130115-W-Australian_Open-R128-Victoria_Azarenka-Monica_Niculescu,Victoria Azarenka,Monica Niculescu,R,R,W,20130115,Australian Open,R128,,,Hard,,3,1,Amy
20130112-W-Beijing-R16-Agnieszka_Radwanska-Polona_Hercog,Agnieszka Radwanska,Polona Hercog,R,R,W,20130112,Beijing,R16,,,Hard,,3,1,Advanced Baseline
20130107-W-Hobart-R32-Timea_Babos-Klara_Koukalova,Timea Babos,Klara Koukalova,R,R,W,20130107,Hobart,R32,,,Hard,,3,1,Amy
20121103-W-WTA_Tour_Championships-RR-Agnieszka_Radwanska-Maria_Sharapova,Agnieszka Radwanska,Maria Sharapova,R,R,W,20121103,WTA Tour Championships,RR,,Sinan Erdem Dome,Indoor Hard,Kader Nouni,3,1,sumitsatarkar
20121007-W-Beijing-F-Maria_Sharapova-Victoria_Azarenka,Maria Sharapova,Victoria Azarenka,R,R,W,20121007,Beijing,F,,,Hard,,3,1,Amy
20120804-W-Olympics-F-Serena_Williams-Maria_Sharapova,Serena Williams,Maria Sharapova,R,R,W,20120804,Olympics,F,,Centre,Grass,,3,0,Lowell
20120802-W-Olympics-QF-Victoria_Azarenka-Angelique_Kerber,Victoria Azarenka,Angelique Kerber,R,L,W,20120802,Olympics,QF,,Centre,Grass,,3,1,Lowell
20120730-W-Olympics-R16-Daniela_Hantuchova-Caroline_Wozniacki,Daniela Hantuchova,Caroline Wozniacki,R,R,W,20120730,Olympics,R16,,,Grass,,3,1,Amy
20120723-W-Baku-R32-Qiang_Wang-Mandy_Minella,Qiang Wang,Mandy Minella,R,R,W,20120723,Baku,R32,,,Hard,,3,1,Amy
20120630-W-Wimbledon-R32-Petra_Kvitova-Varvara_Lepchenko,Petra Kvitova,Varvara Lepchenko,L,L,W,20120630,Wimbledon,R32,,No. 1,Grass,Kerrilyn Cramer,3,0,Lowell
20120429-W-Stuttgart-F-Maria_Sharapova-Victoria_Azarenka,Maria Sharapova,Victoria Azarenka,R,R,W,20120429,Stuttgart,F,,,Clay,,3,1,Amy
20120427-W-Fes-SF-Kiki_Bertens-Simona_Halep,Kiki Bertens,Simona Halep,R,R,W,20120427,Fes,SF,,,Clay,Aurelie Tourte,3,1,jeffsackmann
20120401-W-Miami-F-Agnieszka_Radwanska-Maria_Sharapova,Agnieszka Radwanska,Maria Sharapova,R,R,W,20120401,Miami,F,,,Hard,,3,1,Sumit
20120315-W-Indian_Wells-QF-Ana_Ivanovic-Marion_Bartoli,Ana Ivanovic,Marion Bartoli,R,R,W,20120315,Indian Wells,QF,,,Hard,,3,1,Lowell
20120225-W-Dubai-F-Julia_Goerges-Agnieszka_Radwanska,Julia Goerges,Agnieszka Radwanska,R,R,W,20120225,Dubai,F,,,Hard,,3,1,Lowell
20120220-W-Dubai-QF-Caroline_Wozniacki-Ana_Ivanovic,Caroline Wozniacki,Ana Ivanovic,R,R,W,20120220,Dubai,QF,,,Hard,,3,1,Amy
20120128-W-Australian_Open-F-Victoria_Azarenka-Maria_Sharapova,Victoria Azarenka,Maria Sharapova,R,R,W,20120128,Australian Open,F,,,Hard,,3,1,Amy
20111013-W-Linz-R16-Patricia_Mayr_Achleitner-Petra_Kvitova,Patricia Mayr Achleitner,Petra Kvitova,R,L,W,20111013,Linz,R16,,,Hard,Lynn Welch,3,1,jeffsackmann
20110702-W-Wimbledon-F-Petra_Kvitova-Maria_Sharapova,Petra Kvitova,Maria Sharapova,L,R,W,20110702,Wimbledon,F,2:00 PM,Centre,Grass,Alison Lang,3,0,Lowell
20110614-W-Wimbledon-R64-Venus_Williams-Kimiko_Date_Krumm,Venus Williams,Kimiko Date Krumm,R,R,W,20110614,Wimbledon,R64,13:00,Centre Court,Grass,Eva Asderaki,3,0,brian
20110508-W-Madrid-F-Petra_Kvitova-Victoria_Azarenka,Petra Kvitova,Victoria Azarenka,L,R,W,20110508,Madrid,F,3:45 PM,,Clay,,3,1,Lowell
20090606-W-Roland_Garros-F-Svetlana_Kuznetsova-Dinara_Safina,Svetlana Kuznetsova,Dinara Safina,R,R,W,20090606,Roland Garros,F,3:00pm,Philippe Chatrier,Clay,Kader Nouni,3,0,Rhian
20090511-W-Madrid-SF-Patty_Schnyder-Dinara_Safina,Patty Schnyder,Dinara Safina,L,R,W,20090511,Madrid,SF,,,Clay,,3,1,Amy
20070907-W-US_Open-SF-Venus_Williams-Justine_Henin,Venus Williams,Justine Henin,R,R,W,20070907,US Open,SF,4:00pm,Arthur Ashe,Hard,,3,1,Rhian
20070901-W-US_Open-R32-Agnieszka_Radwanska-Maria_Sharapova,Agnieszka Radwanska,Maria Sharapova,R,R,W,20070901,US Open,R32,,Arthur Ashe,Hard,,3,1,Sumit
20060821-W-New_Haven-QF-Amelie_Mauresmo-Lindsay_Davenport,Amelie Mauresmo,Lindsay Davenport,R,R,W,20060821,New Haven,QF,,,Hard,,3,1,Amy
20040815-W-Olympics-F-Amelie_Mauresmo-Justine_Henin,Amelie Mauresmo,Justine Henin,R,R,W,20040815,Olympics,F,,,Hard,,3,1,Amy
20020126-W-Australian_Open-F-Martina_Hingis-Jennifer_Capriati,Martina Hingis,Jennifer Capriati,R,R,W,20020126,Australian Open,F,,Rod Laver Arena,Hard,,3,0,Lowell
19811130-W-Australian_Open-F-Martina_Navratilova-Chris_Evert,Martina Navratilova,Chris Evert,L,R,W,19811130,Australian Open,F,,,Grass,,3,1,Amy
